LARGE_DATA_REF_ID	LARGE_DATA_ID	DATE_INDEX	DATE_NO_INDEX	TIMESTAMP_INDEX	TIMESTAMP_NO_INDEX	NULLABLE_DECIMAL_INDEX	NULLABLE_DECIMAL_NO_INDEX	SELF_PARENT_ID
1	2	1900-01-01	1900-01-01	1970-01-01 00:00:00.000	1970-01-01 00:00:00.000			
2	3	1900-01-02	1900-01-02	1970-01-01 04:00:20.006	1970-01-01 04:00:20.006			1
3	4	1900-01-03	1900-01-03	1970-01-01 08:00:40.012	1970-01-01 08:00:40.012	3.3	3.3	1
4	5	1900-01-04	1900-01-04	1970-01-01 12:01:00.018	1970-01-01 12:01:00.018			1
5	6	1900-01-05	1900-01-05	1970-01-01 16:01:20.024	1970-01-01 16:01:20.024			1
6	7	1900-01-06	1900-01-06	1970-01-01 20:01:40.030	1970-01-01 20:01:40.030	6.6	6.6	1
7	8	1900-01-07	1900-01-07	1970-01-02 00:02:00.036	1970-01-02 00:02:00.036			1
8	9	1900-01-08	1900-01-08	1970-01-02 04:02:20.042	1970-01-02 04:02:20.042			1
9	10	1900-01-09	1900-01-09	1970-01-02 08:02:40.048	1970-01-02 08:02:40.048	9.9	9.9	1
10	11	1900-01-10	1900-01-10	1970-01-02 12:03:00.054	1970-01-02 12:03:00.054			1
11	12	1900-01-11	1900-01-11	1970-01-02 16:03:20.060	1970-01-02 16:03:20.060			
12	13	1900-01-12	1900-01-12	1970-01-02 20:03:40.066	1970-01-02 20:03:40.066	12.12	12.12	11
13	14	1900-01-13	1900-01-13	1970-01-03 00:04:00.072	1970-01-03 00:04:00.072			11
14	15	1900-01-14	1900-01-14	1970-01-03 04:04:20.078	1970-01-03 04:04:20.078			11
15	16	1900-01-15	1900-01-15	1970-01-03 08:04:40.084	1970-01-03 08:04:40.084	15.15	15.15	11
16	17	1900-01-16	1900-01-16	1970-01-03 12:05:00.090	1970-01-03 12:05:00.090			11
17	18	1900-01-17	1900-01-17	1970-01-03 16:05:20.096	1970-01-03 16:05:20.096			11
18	19	1900-01-18	1900-01-18	1970-01-03 20:05:40.102	1970-01-03 20:05:40.102	18.18	18.18	11
19	20	1900-01-19	1900-01-19	1970-01-04 00:06:00.108	1970-01-04 00:06:00.108			11
20	21	1900-01-20	1900-01-20	1970-01-04 04:06:20.114	1970-01-04 04:06:20.114			11
21	22	1900-01-21	1900-01-21	1970-01-04 08:06:40.120	1970-01-04 08:06:40.120	21.21	21.21	
22	23	1900-01-22	1900-01-22	1970-01-04 12:07:00.126	1970-01-04 12:07:00.126			21
23	24	1900-01-23	1900-01-23	1970-01-04 16:07:20.132	1970-01-04 16:07:20.132			21
24	25	1900-01-24	1900-01-24	1970-01-04 20:07:40.138	1970-01-04 20:07:40.138	24.24	24.24	21
25	26	1900-01-25	1900-01-25	1970-01-05 00:08:00.144	1970-01-05 00:08:00.144			21
26	27	1900-01-26	1900-01-26	1970-01-05 04:08:20.150	1970-01-05 04:08:20.150			21
27	28	1900-01-27	1900-01-27	1970-01-05 08:08:40.156	1970-01-05 08:08:40.156	27.27	27.27	21
28	29	1900-01-28	1900-01-28	1970-01-05 12:09:00.162	1970-01-05 12:09:00.162			21
29	30	1900-01-29	1900-01-29	1970-01-05 16:09:20.168	1970-01-05 16:09:20.168			21
30	31	1900-01-30	1900-01-30	1970-01-05 20:09:40.174	1970-01-05 20:09:40.174	30.30	30.30	21
31	32	1900-01-31	1900-01-31	1970-01-06 00:10:00.180	1970-01-06 00:10:00.180			
32	33	1900-02-01	1900-02-01	1970-01-06 04:10:20.186	1970-01-06 04:10:20.186			31
33	34	1900-02-02	1900-02-02	1970-01-06 08:10:40.192	1970-01-06 08:10:40.192	33.33	33.33	31
34	35	1900-02-03	1900-02-03	1970-01-06 12:11:00.198	1970-01-06 12:11:00.198			31
35	36	1900-02-04	1900-02-04	1970-01-06 16:11:20.204	1970-01-06 16:11:20.204			31
36	37	1900-02-05	1900-02-05	1970-01-06 20:11:40.210	1970-01-06 20:11:40.210	36.36	36.36	31
37	38	1900-02-06	1900-02-06	1970-01-07 00:12:00.216	1970-01-07 00:12:00.216			31
38	39	1900-02-07	1900-02-07	1970-01-07 04:12:20.222	1970-01-07 04:12:20.222			31
39	40	1900-02-08	1900-02-08	1970-01-07 08:12:40.228	1970-01-07 08:12:40.228	39.39	39.39	31
40	41	1900-02-09	1900-02-09	1970-01-07 12:13:00.234	1970-01-07 12:13:00.234			31
41	42	1900-02-10	1900-02-10	1970-01-07 16:13:20.240	1970-01-07 16:13:20.240			
42	43	1900-02-11	1900-02-11	1970-01-07 20:13:40.246	1970-01-07 20:13:40.246	42.42	42.42	41
43	44	1900-02-12	1900-02-12	1970-01-08 00:14:00.252	1970-01-08 00:14:00.252			41
44	45	1900-02-13	1900-02-13	1970-01-08 04:14:20.258	1970-01-08 04:14:20.258			41
45	46	1900-02-14	1900-02-14	1970-01-08 08:14:40.264	1970-01-08 08:14:40.264	45.45	45.45	41
46	47	1900-02-15	1900-02-15	1970-01-08 12:15:00.270	1970-01-08 12:15:00.270			41
47	48	1900-02-16	1900-02-16	1970-01-08 16:15:20.276	1970-01-08 16:15:20.276			41
48	49	1900-02-17	1900-02-17	1970-01-08 20:15:40.282	1970-01-08 20:15:40.282	48.48	48.48	41
49	50	1900-02-18	1900-02-18	1970-01-09 00:16:00.288	1970-01-09 00:16:00.288			41
50	51	1900-02-19	1900-02-19	1970-01-09 04:16:20.294	1970-01-09 04:16:20.294			41
51	52	1900-02-20	1900-02-20	1970-01-09 08:16:40.300	1970-01-09 08:16:40.300	51.51	51.51	
52	53	1900-02-21	1900-02-21	1970-01-09 12:17:00.306	1970-01-09 12:17:00.306			51
53	54	1900-02-22	1900-02-22	1970-01-09 16:17:20.312	1970-01-09 16:17:20.312			51
54	55	1900-02-23	1900-02-23	1970-01-09 20:17:40.318	1970-01-09 20:17:40.318	54.54	54.54	51
55	56	1900-02-24	1900-02-24	1970-01-10 00:18:00.324	1970-01-10 00:18:00.324			51
56	57	1900-02-25	1900-02-25	1970-01-10 04:18:20.330	1970-01-10 04:18:20.330			51
57	58	1900-02-26	1900-02-26	1970-01-10 08:18:40.336	1970-01-10 08:18:40.336	57.57	57.57	51
58	59	1900-02-27	1900-02-27	1970-01-10 12:19:00.342	1970-01-10 12:19:00.342			51
59	60	1900-02-28	1900-02-28	1970-01-10 16:19:20.348	1970-01-10 16:19:20.348			51
60	61	1900-03-01	1900-03-01	1970-01-10 20:19:40.354	1970-01-10 20:19:40.354	60.60	60.60	51
61	62	1900-03-02	1900-03-02	1970-01-11 00:20:00.360	1970-01-11 00:20:00.360			
62	63	1900-03-03	1900-03-03	1970-01-11 04:20:20.366	1970-01-11 04:20:20.366			61
63	64	1900-03-04	1900-03-04	1970-01-11 08:20:40.372	1970-01-11 08:20:40.372	63.63	63.63	61
64	65	1900-03-05	1900-03-05	1970-01-11 12:21:00.378	1970-01-11 12:21:00.378			61
65	66	1900-03-06	1900-03-06	1970-01-11 16:21:20.384	1970-01-11 16:21:20.384			61
66	67	1900-03-07	1900-03-07	1970-01-11 20:21:40.390	1970-01-11 20:21:40.390	66.66	66.66	61
67	68	1900-03-08	1900-03-08	1970-01-12 00:22:00.396	1970-01-12 00:22:00.396			61
68	69	1900-03-09	1900-03-09	1970-01-12 04:22:20.402	1970-01-12 04:22:20.402			61
69	70	1900-03-10	1900-03-10	1970-01-12 08:22:40.408	1970-01-12 08:22:40.408	69.69	69.69	61
70	71	1900-03-11	1900-03-11	1970-01-12 12:23:00.414	1970-01-12 12:23:00.414			61
71	72	1900-03-12	1900-03-12	1970-01-12 16:23:20.420	1970-01-12 16:23:20.420			
72	73	1900-03-13	1900-03-13	1970-01-12 20:23:40.426	1970-01-12 20:23:40.426	72.72	72.72	71
73	74	1900-03-14	1900-03-14	1970-01-13 00:24:00.432	1970-01-13 00:24:00.432			71
74	75	1900-03-15	1900-03-15	1970-01-13 04:24:20.438	1970-01-13 04:24:20.438			71
75	76	1900-03-16	1900-03-16	1970-01-13 08:24:40.444	1970-01-13 08:24:40.444	75.75	75.75	71
76	77	1900-03-17	1900-03-17	1970-01-13 12:25:00.450	1970-01-13 12:25:00.450			71
77	78	1900-03-18	1900-03-18	1970-01-13 16:25:20.456	1970-01-13 16:25:20.456			71
78	79	1900-03-19	1900-03-19	1970-01-13 20:25:40.462	1970-01-13 20:25:40.462	78.78	78.78	71
79	80	1900-03-20	1900-03-20	1970-01-14 00:26:00.468	1970-01-14 00:26:00.468			71
80	81	1900-03-21	1900-03-21	1970-01-14 04:26:20.474	1970-01-14 04:26:20.474			71
81	82	1900-03-22	1900-03-22	1970-01-14 08:26:40.480	1970-01-14 08:26:40.480	81.81	81.81	
82	83	1900-03-23	1900-03-23	1970-01-14 12:27:00.486	1970-01-14 12:27:00.486			81
83	84	1900-03-24	1900-03-24	1970-01-14 16:27:20.492	1970-01-14 16:27:20.492			81
84	85	1900-03-25	1900-03-25	1970-01-14 20:27:40.498	1970-01-14 20:27:40.498	84.84	84.84	81
85	86	1900-03-26	1900-03-26	1970-01-15 00:28:00.504	1970-01-15 00:28:00.504			81
86	87	1900-03-27	1900-03-27	1970-01-15 04:28:20.510	1970-01-15 04:28:20.510			81
87	88	1900-03-28	1900-03-28	1970-01-15 08:28:40.516	1970-01-15 08:28:40.516	87.87	87.87	81
88	89	1900-03-29	1900-03-29	1970-01-15 12:29:00.522	1970-01-15 12:29:00.522			81
89	90	1900-03-30	1900-03-30	1970-01-15 16:29:20.528	1970-01-15 16:29:20.528			81
90	91	1900-03-31	1900-03-31	1970-01-15 20:29:40.534	1970-01-15 20:29:40.534	90.90	90.90	81
91	92	1900-04-01	1900-04-01	1970-01-16 00:30:00.540	1970-01-16 00:30:00.540			
92	93	1900-04-02	1900-04-02	1970-01-16 04:30:20.546	1970-01-16 04:30:20.546			91
93	94	1900-04-03	1900-04-03	1970-01-16 08:30:40.552	1970-01-16 08:30:40.552	93.93	93.93	91
94	95	1900-04-04	1900-04-04	1970-01-16 12:31:00.558	1970-01-16 12:31:00.558			91
95	96	1900-04-05	1900-04-05	1970-01-16 16:31:20.564	1970-01-16 16:31:20.564			91
96	97	1900-04-06	1900-04-06	1970-01-16 20:31:40.570	1970-01-16 20:31:40.570	96.96	96.96	91
97	98	1900-04-07	1900-04-07	1970-01-17 00:32:00.576	1970-01-17 00:32:00.576			91
98	99	1900-04-08	1900-04-08	1970-01-17 04:32:20.582	1970-01-17 04:32:20.582			91
99	100	1900-04-09	1900-04-09	1970-01-17 08:32:40.588	1970-01-17 08:32:40.588	99.99	99.99	91
100	101	1900-04-10	1900-04-10	1970-01-17 12:33:00.594	1970-01-17 12:33:00.594			91
101	102	1900-04-11	1900-04-11	1970-01-17 16:33:20.600	1970-01-17 16:33:20.600			
102	103	1900-04-12	1900-04-12	1970-01-17 20:33:40.606	1970-01-17 20:33:40.606	102.102	102.102	101
103	104	1900-04-13	1900-04-13	1970-01-18 00:34:00.612	1970-01-18 00:34:00.612			101
104	105	1900-04-14	1900-04-14	1970-01-18 04:34:20.618	1970-01-18 04:34:20.618			101
105	106	1900-04-15	1900-04-15	1970-01-18 08:34:40.624	1970-01-18 08:34:40.624	105.105	105.105	101
106	107	1900-04-16	1900-04-16	1970-01-18 12:35:00.630	1970-01-18 12:35:00.630			101
107	108	1900-04-17	1900-04-17	1970-01-18 16:35:20.636	1970-01-18 16:35:20.636			101
108	109	1900-04-18	1900-04-18	1970-01-18 20:35:40.642	1970-01-18 20:35:40.642	108.108	108.108	101
109	110	1900-04-19	1900-04-19	1970-01-19 00:36:00.648	1970-01-19 00:36:00.648			101
110	111	1900-04-20	1900-04-20	1970-01-19 04:36:20.654	1970-01-19 04:36:20.654			101
111	112	1900-04-21	1900-04-21	1970-01-19 08:36:40.660	1970-01-19 08:36:40.660	111.111	111.111	
112	113	1900-04-22	1900-04-22	1970-01-19 12:37:00.666	1970-01-19 12:37:00.666			111
113	114	1900-04-23	1900-04-23	1970-01-19 16:37:20.672	1970-01-19 16:37:20.672			111
114	115	1900-04-24	1900-04-24	1970-01-19 20:37:40.678	1970-01-19 20:37:40.678	114.114	114.114	111
115	116	1900-04-25	1900-04-25	1970-01-20 00:38:00.684	1970-01-20 00:38:00.684			111
116	117	1900-04-26	1900-04-26	1970-01-20 04:38:20.690	1970-01-20 04:38:20.690			111
117	118	1900-04-27	1900-04-27	1970-01-20 08:38:40.696	1970-01-20 08:38:40.696	117.117	117.117	111
118	119	1900-04-28	1900-04-28	1970-01-20 12:39:00.702	1970-01-20 12:39:00.702			111
119	120	1900-04-29	1900-04-29	1970-01-20 16:39:20.708	1970-01-20 16:39:20.708			111
120	121	1900-04-30	1900-04-30	1970-01-20 20:39:40.714	1970-01-20 20:39:40.714	120.120	120.120	111
121	122	1900-05-01	1900-05-01	1970-01-21 00:40:00.720	1970-01-21 00:40:00.720			
122	123	1900-05-02	1900-05-02	1970-01-21 04:40:20.726	1970-01-21 04:40:20.726			121
123	124	1900-05-03	1900-05-03	1970-01-21 08:40:40.732	1970-01-21 08:40:40.732	123.123	123.123	121
124	125	1900-05-04	1900-05-04	1970-01-21 12:41:00.738	1970-01-21 12:41:00.738			121
125	126	1900-05-05	1900-05-05	1970-01-21 16:41:20.744	1970-01-21 16:41:20.744			121
126	127	1900-05-06	1900-05-06	1970-01-21 20:41:40.750	1970-01-21 20:41:40.750	126.126	126.126	121
127	128	1900-05-07	1900-05-07	1970-01-22 00:42:00.756	1970-01-22 00:42:00.756			121
128	129	1900-05-08	1900-05-08	1970-01-22 04:42:20.762	1970-01-22 04:42:20.762			121
129	130	1900-05-09	1900-05-09	1970-01-22 08:42:40.768	1970-01-22 08:42:40.768	129.129	129.129	121
130	131	1900-05-10	1900-05-10	1970-01-22 12:43:00.774	1970-01-22 12:43:00.774			121
131	132	1900-05-11	1900-05-11	1970-01-22 16:43:20.780	1970-01-22 16:43:20.780			
132	133	1900-05-12	1900-05-12	1970-01-22 20:43:40.786	1970-01-22 20:43:40.786	132.132	132.132	131
133	134	1900-05-13	1900-05-13	1970-01-23 00:44:00.792	1970-01-23 00:44:00.792			131
134	135	1900-05-14	1900-05-14	1970-01-23 04:44:20.798	1970-01-23 04:44:20.798			131
135	136	1900-05-15	1900-05-15	1970-01-23 08:44:40.804	1970-01-23 08:44:40.804	135.135	135.135	131
136	137	1900-05-16	1900-05-16	1970-01-23 12:45:00.810	1970-01-23 12:45:00.810			131
137	138	1900-05-17	1900-05-17	1970-01-23 16:45:20.816	1970-01-23 16:45:20.816			131
138	139	1900-05-18	1900-05-18	1970-01-23 20:45:40.822	1970-01-23 20:45:40.822	138.138	138.138	131
139	140	1900-05-19	1900-05-19	1970-01-24 00:46:00.828	1970-01-24 00:46:00.828			131
140	141	1900-05-20	1900-05-20	1970-01-24 04:46:20.834	1970-01-24 04:46:20.834			131
141	142	1900-05-21	1900-05-21	1970-01-24 08:46:40.840	1970-01-24 08:46:40.840	141.141	141.141	
142	143	1900-05-22	1900-05-22	1970-01-24 12:47:00.846	1970-01-24 12:47:00.846			141
143	144	1900-05-23	1900-05-23	1970-01-24 16:47:20.852	1970-01-24 16:47:20.852			141
144	145	1900-05-24	1900-05-24	1970-01-24 20:47:40.858	1970-01-24 20:47:40.858	144.144	144.144	141
145	146	1900-05-25	1900-05-25	1970-01-25 00:48:00.864	1970-01-25 00:48:00.864			141
146	147	1900-05-26	1900-05-26	1970-01-25 04:48:20.870	1970-01-25 04:48:20.870			141
147	148	1900-05-27	1900-05-27	1970-01-25 08:48:40.876	1970-01-25 08:48:40.876	147.147	147.147	141
148	149	1900-05-28	1900-05-28	1970-01-25 12:49:00.882	1970-01-25 12:49:00.882			141
149	150	1900-05-29	1900-05-29	1970-01-25 16:49:20.888	1970-01-25 16:49:20.888			141
150	151	1900-05-30	1900-05-30	1970-01-25 20:49:40.894	1970-01-25 20:49:40.894	150.150	150.150	141
151	152	1900-05-31	1900-05-31	1970-01-26 00:50:00.900	1970-01-26 00:50:00.900			
152	153	1900-06-01	1900-06-01	1970-01-26 04:50:20.906	1970-01-26 04:50:20.906			151
153	154	1900-06-02	1900-06-02	1970-01-26 08:50:40.912	1970-01-26 08:50:40.912	153.153	153.153	151
154	155	1900-06-03	1900-06-03	1970-01-26 12:51:00.918	1970-01-26 12:51:00.918			151
155	156	1900-06-04	1900-06-04	1970-01-26 16:51:20.924	1970-01-26 16:51:20.924			151
156	157	1900-06-05	1900-06-05	1970-01-26 20:51:40.930	1970-01-26 20:51:40.930	156.156	156.156	151
157	158	1900-06-06	1900-06-06	1970-01-27 00:52:00.936	1970-01-27 00:52:00.936			151
158	159	1900-06-07	1900-06-07	1970-01-27 04:52:20.942	1970-01-27 04:52:20.942			151
159	160	1900-06-08	1900-06-08	1970-01-27 08:52:40.948	1970-01-27 08:52:40.948	159.159	159.159	151
160	161	1900-06-09	1900-06-09	1970-01-27 12:53:00.954	1970-01-27 12:53:00.954			151
161	162	1900-06-10	1900-06-10	1970-01-27 16:53:20.960	1970-01-27 16:53:20.960			
162	163	1900-06-11	1900-06-11	1970-01-27 20:53:40.966	1970-01-27 20:53:40.966	162.162	162.162	161
163	164	1900-06-12	1900-06-12	1970-01-28 00:54:00.972	1970-01-28 00:54:00.972			161
164	165	1900-06-13	1900-06-13	1970-01-28 04:54:20.978	1970-01-28 04:54:20.978			161
165	166	1900-06-14	1900-06-14	1970-01-28 08:54:40.984	1970-01-28 08:54:40.984	165.165	165.165	161
166	167	1900-06-15	1900-06-15	1970-01-28 12:55:00.990	1970-01-28 12:55:00.990			161
167	168	1900-06-16	1900-06-16	1970-01-28 16:55:20.996	1970-01-28 16:55:20.996			161
168	169	1900-06-17	1900-06-17	1970-01-28 20:55:41.002	1970-01-28 20:55:41.002	168.168	168.168	161
169	170	1900-06-18	1900-06-18	1970-01-29 00:56:01.008	1970-01-29 00:56:01.008			161
170	171	1900-06-19	1900-06-19	1970-01-29 04:56:21.014	1970-01-29 04:56:21.014			161
171	172	1900-06-20	1900-06-20	1970-01-29 08:56:41.020	1970-01-29 08:56:41.020	171.171	171.171	
172	173	1900-06-21	1900-06-21	1970-01-29 12:57:01.026	1970-01-29 12:57:01.026			171
173	174	1900-06-22	1900-06-22	1970-01-29 16:57:21.032	1970-01-29 16:57:21.032			171
174	175	1900-06-23	1900-06-23	1970-01-29 20:57:41.038	1970-01-29 20:57:41.038	174.174	174.174	171
175	176	1900-06-24	1900-06-24	1970-01-30 00:58:01.044	1970-01-30 00:58:01.044			171
176	177	1900-06-25	1900-06-25	1970-01-30 04:58:21.050	1970-01-30 04:58:21.050			171
177	178	1900-06-26	1900-06-26	1970-01-30 08:58:41.056	1970-01-30 08:58:41.056	177.177	177.177	171
178	179	1900-06-27	1900-06-27	1970-01-30 12:59:01.062	1970-01-30 12:59:01.062			171
179	180	1900-06-28	1900-06-28	1970-01-30 16:59:21.068	1970-01-30 16:59:21.068			171
180	181	1900-06-29	1900-06-29	1970-01-30 20:59:41.074	1970-01-30 20:59:41.074	180.180	180.180	171
181	182	1900-06-30	1900-06-30	1970-01-31 01:00:01.080	1970-01-31 01:00:01.080			
182	183	1900-07-01	1900-07-01	1970-01-31 05:00:21.086	1970-01-31 05:00:21.086			181
183	184	1900-07-02	1900-07-02	1970-01-31 09:00:41.092	1970-01-31 09:00:41.092	183.183	183.183	181
184	185	1900-07-03	1900-07-03	1970-01-31 13:01:01.098	1970-01-31 13:01:01.098			181
185	186	1900-07-04	1900-07-04	1970-01-31 17:01:21.104	1970-01-31 17:01:21.104			181
186	187	1900-07-05	1900-07-05	1970-01-31 21:01:41.110	1970-01-31 21:01:41.110	186.186	186.186	181
187	188	1900-07-06	1900-07-06	1970-02-01 01:02:01.116	1970-02-01 01:02:01.116			181
188	189	1900-07-07	1900-07-07	1970-02-01 05:02:21.122	1970-02-01 05:02:21.122			181
189	190	1900-07-08	1900-07-08	1970-02-01 09:02:41.128	1970-02-01 09:02:41.128	189.189	189.189	181
190	191	1900-07-09	1900-07-09	1970-02-01 13:03:01.134	1970-02-01 13:03:01.134			181
191	192	1900-07-10	1900-07-10	1970-02-01 17:03:21.140	1970-02-01 17:03:21.140			
192	193	1900-07-11	1900-07-11	1970-02-01 21:03:41.146	1970-02-01 21:03:41.146	192.192	192.192	191
193	194	1900-07-12	1900-07-12	1970-02-02 01:04:01.152	1970-02-02 01:04:01.152			191
194	195	1900-07-13	1900-07-13	1970-02-02 05:04:21.158	1970-02-02 05:04:21.158			191
195	196	1900-07-14	1900-07-14	1970-02-02 09:04:41.164	1970-02-02 09:04:41.164	195.195	195.195	191
196	197	1900-07-15	1900-07-15	1970-02-02 13:05:01.170	1970-02-02 13:05:01.170			191
197	198	1900-07-16	1900-07-16	1970-02-02 17:05:21.176	1970-02-02 17:05:21.176			191
198	199	1900-07-17	1900-07-17	1970-02-02 21:05:41.182	1970-02-02 21:05:41.182	198.198	198.198	191
199	200	1900-07-18	1900-07-18	1970-02-03 01:06:01.188	1970-02-03 01:06:01.188			191
200	201	1900-07-19	1900-07-19	1970-02-03 05:06:21.194	1970-02-03 05:06:21.194			191
201	202	1900-07-20	1900-07-20	1970-02-03 09:06:41.200	1970-02-03 09:06:41.200	201.201	201.201	
202	203	1900-07-21	1900-07-21	1970-02-03 13:07:01.206	1970-02-03 13:07:01.206			201
203	204	1900-07-22	1900-07-22	1970-02-03 17:07:21.212	1970-02-03 17:07:21.212			201
204	205	1900-07-23	1900-07-23	1970-02-03 21:07:41.218	1970-02-03 21:07:41.218	204.204	204.204	201
205	206	1900-07-24	1900-07-24	1970-02-04 01:08:01.224	1970-02-04 01:08:01.224			201
206	207	1900-07-25	1900-07-25	1970-02-04 05:08:21.230	1970-02-04 05:08:21.230			201
207	208	1900-07-26	1900-07-26	1970-02-04 09:08:41.236	1970-02-04 09:08:41.236	207.207	207.207	201
208	209	1900-07-27	1900-07-27	1970-02-04 13:09:01.242	1970-02-04 13:09:01.242			201
209	210	1900-07-28	1900-07-28	1970-02-04 17:09:21.248	1970-02-04 17:09:21.248			201
210	211	1900-07-29	1900-07-29	1970-02-04 21:09:41.254	1970-02-04 21:09:41.254	210.210	210.210	201
211	212	1900-07-30	1900-07-30	1970-02-05 01:10:01.260	1970-02-05 01:10:01.260			
212	213	1900-07-31	1900-07-31	1970-02-05 05:10:21.266	1970-02-05 05:10:21.266			211
213	214	1900-08-01	1900-08-01	1970-02-05 09:10:41.272	1970-02-05 09:10:41.272	213.213	213.213	211
214	215	1900-08-02	1900-08-02	1970-02-05 13:11:01.278	1970-02-05 13:11:01.278			211
215	216	1900-08-03	1900-08-03	1970-02-05 17:11:21.284	1970-02-05 17:11:21.284			211
216	217	1900-08-04	1900-08-04	1970-02-05 21:11:41.290	1970-02-05 21:11:41.290	216.216	216.216	211
217	218	1900-08-05	1900-08-05	1970-02-06 01:12:01.296	1970-02-06 01:12:01.296			211
218	219	1900-08-06	1900-08-06	1970-02-06 05:12:21.302	1970-02-06 05:12:21.302			211
219	220	1900-08-07	1900-08-07	1970-02-06 09:12:41.308	1970-02-06 09:12:41.308	219.219	219.219	211
220	221	1900-08-08	1900-08-08	1970-02-06 13:13:01.314	1970-02-06 13:13:01.314			211
221	222	1900-08-09	1900-08-09	1970-02-06 17:13:21.320	1970-02-06 17:13:21.320			
222	223	1900-08-10	1900-08-10	1970-02-06 21:13:41.326	1970-02-06 21:13:41.326	222.222	222.222	221
223	224	1900-08-11	1900-08-11	1970-02-07 01:14:01.332	1970-02-07 01:14:01.332			221
224	225	1900-08-12	1900-08-12	1970-02-07 05:14:21.338	1970-02-07 05:14:21.338			221
225	226	1900-08-13	1900-08-13	1970-02-07 09:14:41.344	1970-02-07 09:14:41.344	225.225	225.225	221
226	227	1900-08-14	1900-08-14	1970-02-07 13:15:01.350	1970-02-07 13:15:01.350			221
227	228	1900-08-15	1900-08-15	1970-02-07 17:15:21.356	1970-02-07 17:15:21.356			221
228	229	1900-08-16	1900-08-16	1970-02-07 21:15:41.362	1970-02-07 21:15:41.362	228.228	228.228	221
229	230	1900-08-17	1900-08-17	1970-02-08 01:16:01.368	1970-02-08 01:16:01.368			221
230	231	1900-08-18	1900-08-18	1970-02-08 05:16:21.374	1970-02-08 05:16:21.374			221
231	232	1900-08-19	1900-08-19	1970-02-08 09:16:41.380	1970-02-08 09:16:41.380	231.231	231.231	
232	233	1900-08-20	1900-08-20	1970-02-08 13:17:01.386	1970-02-08 13:17:01.386			231
233	234	1900-08-21	1900-08-21	1970-02-08 17:17:21.392	1970-02-08 17:17:21.392			231
234	235	1900-08-22	1900-08-22	1970-02-08 21:17:41.398	1970-02-08 21:17:41.398	234.234	234.234	231
235	236	1900-08-23	1900-08-23	1970-02-09 01:18:01.404	1970-02-09 01:18:01.404			231
236	237	1900-08-24	1900-08-24	1970-02-09 05:18:21.410	1970-02-09 05:18:21.410			231
237	238	1900-08-25	1900-08-25	1970-02-09 09:18:41.416	1970-02-09 09:18:41.416	237.237	237.237	231
238	239	1900-08-26	1900-08-26	1970-02-09 13:19:01.422	1970-02-09 13:19:01.422			231
239	240	1900-08-27	1900-08-27	1970-02-09 17:19:21.428	1970-02-09 17:19:21.428			231
240	241	1900-08-28	1900-08-28	1970-02-09 21:19:41.434	1970-02-09 21:19:41.434	240.240	240.240	231
241	242	1900-08-29	1900-08-29	1970-02-10 01:20:01.440	1970-02-10 01:20:01.440			
242	243	1900-08-30	1900-08-30	1970-02-10 05:20:21.446	1970-02-10 05:20:21.446			241
243	244	1900-08-31	1900-08-31	1970-02-10 09:20:41.452	1970-02-10 09:20:41.452	243.243	243.243	241
244	245	1900-09-01	1900-09-01	1970-02-10 13:21:01.458	1970-02-10 13:21:01.458			241
245	246	1900-09-02	1900-09-02	1970-02-10 17:21:21.464	1970-02-10 17:21:21.464			241
246	247	1900-09-03	1900-09-03	1970-02-10 21:21:41.470	1970-02-10 21:21:41.470	246.246	246.246	241
247	248	1900-09-04	1900-09-04	1970-02-11 01:22:01.476	1970-02-11 01:22:01.476			241
248	249	1900-09-05	1900-09-05	1970-02-11 05:22:21.482	1970-02-11 05:22:21.482			241
249	250	1900-09-06	1900-09-06	1970-02-11 09:22:41.488	1970-02-11 09:22:41.488	249.249	249.249	241
250	251	1900-09-07	1900-09-07	1970-02-11 13:23:01.494	1970-02-11 13:23:01.494			241
251	252	1900-09-08	1900-09-08	1970-02-11 17:23:21.500	1970-02-11 17:23:21.500			
252	253	1900-09-09	1900-09-09	1970-02-11 21:23:41.506	1970-02-11 21:23:41.506	252.252	252.252	251
253	254	1900-09-10	1900-09-10	1970-02-12 01:24:01.512	1970-02-12 01:24:01.512			251
254	255	1900-09-11	1900-09-11	1970-02-12 05:24:21.518	1970-02-12 05:24:21.518			251
255	256	1900-09-12	1900-09-12	1970-02-12 09:24:41.524	1970-02-12 09:24:41.524	255.255	255.255	251
256	257	1900-09-13	1900-09-13	1970-02-12 13:25:01.530	1970-02-12 13:25:01.530			251
257	258	1900-09-14	1900-09-14	1970-02-12 17:25:21.536	1970-02-12 17:25:21.536			251
258	259	1900-09-15	1900-09-15	1970-02-12 21:25:41.542	1970-02-12 21:25:41.542	258.258	258.258	251
259	260	1900-09-16	1900-09-16	1970-02-13 01:26:01.548	1970-02-13 01:26:01.548			251
260	261	1900-09-17	1900-09-17	1970-02-13 05:26:21.554	1970-02-13 05:26:21.554			251
261	262	1900-09-18	1900-09-18	1970-02-13 09:26:41.560	1970-02-13 09:26:41.560	261.261	261.261	
262	263	1900-09-19	1900-09-19	1970-02-13 13:27:01.566	1970-02-13 13:27:01.566			261
263	264	1900-09-20	1900-09-20	1970-02-13 17:27:21.572	1970-02-13 17:27:21.572			261
264	265	1900-09-21	1900-09-21	1970-02-13 21:27:41.578	1970-02-13 21:27:41.578	264.264	264.264	261
265	266	1900-09-22	1900-09-22	1970-02-14 01:28:01.584	1970-02-14 01:28:01.584			261
266	267	1900-09-23	1900-09-23	1970-02-14 05:28:21.590	1970-02-14 05:28:21.590			261
267	268	1900-09-24	1900-09-24	1970-02-14 09:28:41.596	1970-02-14 09:28:41.596	267.267	267.267	261
268	269	1900-09-25	1900-09-25	1970-02-14 13:29:01.602	1970-02-14 13:29:01.602			261
269	270	1900-09-26	1900-09-26	1970-02-14 17:29:21.608	1970-02-14 17:29:21.608			261
270	271	1900-09-27	1900-09-27	1970-02-14 21:29:41.614	1970-02-14 21:29:41.614	270.270	270.270	261
271	272	1900-09-28	1900-09-28	1970-02-15 01:30:01.620	1970-02-15 01:30:01.620			
272	273	1900-09-29	1900-09-29	1970-02-15 05:30:21.626	1970-02-15 05:30:21.626			271
273	274	1900-09-30	1900-09-30	1970-02-15 09:30:41.632	1970-02-15 09:30:41.632	273.273	273.273	271
274	275	1900-10-01	1900-10-01	1970-02-15 13:31:01.638	1970-02-15 13:31:01.638			271
275	276	1900-10-02	1900-10-02	1970-02-15 17:31:21.644	1970-02-15 17:31:21.644			271
276	277	1900-10-03	1900-10-03	1970-02-15 21:31:41.650	1970-02-15 21:31:41.650	276.276	276.276	271
277	278	1900-10-04	1900-10-04	1970-02-16 01:32:01.656	1970-02-16 01:32:01.656			271
278	279	1900-10-05	1900-10-05	1970-02-16 05:32:21.662	1970-02-16 05:32:21.662			271
279	280	1900-10-06	1900-10-06	1970-02-16 09:32:41.668	1970-02-16 09:32:41.668	279.279	279.279	271
280	281	1900-10-07	1900-10-07	1970-02-16 13:33:01.674	1970-02-16 13:33:01.674			271
281	282	1900-10-08	1900-10-08	1970-02-16 17:33:21.680	1970-02-16 17:33:21.680			
282	283	1900-10-09	1900-10-09	1970-02-16 21:33:41.686	1970-02-16 21:33:41.686	282.282	282.282	281
283	284	1900-10-10	1900-10-10	1970-02-17 01:34:01.692	1970-02-17 01:34:01.692			281
284	285	1900-10-11	1900-10-11	1970-02-17 05:34:21.698	1970-02-17 05:34:21.698			281
285	286	1900-10-12	1900-10-12	1970-02-17 09:34:41.704	1970-02-17 09:34:41.704	285.285	285.285	281
286	287	1900-10-13	1900-10-13	1970-02-17 13:35:01.710	1970-02-17 13:35:01.710			281
287	288	1900-10-14	1900-10-14	1970-02-17 17:35:21.716	1970-02-17 17:35:21.716			281
288	289	1900-10-15	1900-10-15	1970-02-17 21:35:41.722	1970-02-17 21:35:41.722	288.288	288.288	281
289	290	1900-10-16	1900-10-16	1970-02-18 01:36:01.728	1970-02-18 01:36:01.728			281
290	291	1900-10-17	1900-10-17	1970-02-18 05:36:21.734	1970-02-18 05:36:21.734			281
291	292	1900-10-18	1900-10-18	1970-02-18 09:36:41.740	1970-02-18 09:36:41.740	291.291	291.291	
292	293	1900-10-19	1900-10-19	1970-02-18 13:37:01.746	1970-02-18 13:37:01.746			291
293	294	1900-10-20	1900-10-20	1970-02-18 17:37:21.752	1970-02-18 17:37:21.752			291
294	295	1900-10-21	1900-10-21	1970-02-18 21:37:41.758	1970-02-18 21:37:41.758	294.294	294.294	291
295	296	1900-10-22	1900-10-22	1970-02-19 01:38:01.764	1970-02-19 01:38:01.764			291
296	297	1900-10-23	1900-10-23	1970-02-19 05:38:21.770	1970-02-19 05:38:21.770			291
297	298	1900-10-24	1900-10-24	1970-02-19 09:38:41.776	1970-02-19 09:38:41.776	297.297	297.297	291
298	299	1900-10-25	1900-10-25	1970-02-19 13:39:01.782	1970-02-19 13:39:01.782			291
299	300	1900-10-26	1900-10-26	1970-02-19 17:39:21.788	1970-02-19 17:39:21.788			291
300	1	1900-10-27	1900-10-27	1970-02-19 21:39:41.794	1970-02-19 21:39:41.794	300.300	300.300	291
301	2	1900-10-28	1900-10-28	1970-02-20 01:40:01.800	1970-02-20 01:40:01.800			
302	3	1900-10-29	1900-10-29	1970-02-20 05:40:21.806	1970-02-20 05:40:21.806			301
303	4	1900-10-30	1900-10-30	1970-02-20 09:40:41.812	1970-02-20 09:40:41.812	303.303	303.303	301
304	5	1900-10-31	1900-10-31	1970-02-20 13:41:01.818	1970-02-20 13:41:01.818			301
305	6	1900-11-01	1900-11-01	1970-02-20 17:41:21.824	1970-02-20 17:41:21.824			301
306	7	1900-11-02	1900-11-02	1970-02-20 21:41:41.830	1970-02-20 21:41:41.830	306.306	306.306	301
307	8	1900-11-03	1900-11-03	1970-02-21 01:42:01.836	1970-02-21 01:42:01.836			301
308	9	1900-11-04	1900-11-04	1970-02-21 05:42:21.842	1970-02-21 05:42:21.842			301
309	10	1900-11-05	1900-11-05	1970-02-21 09:42:41.848	1970-02-21 09:42:41.848	309.309	309.309	301
310	11	1900-11-06	1900-11-06	1970-02-21 13:43:01.854	1970-02-21 13:43:01.854			301
311	12	1900-11-07	1900-11-07	1970-02-21 17:43:21.860	1970-02-21 17:43:21.860			
312	13	1900-11-08	1900-11-08	1970-02-21 21:43:41.866	1970-02-21 21:43:41.866	312.312	312.312	311
313	14	1900-11-09	1900-11-09	1970-02-22 01:44:01.872	1970-02-22 01:44:01.872			311
314	15	1900-11-10	1900-11-10	1970-02-22 05:44:21.878	1970-02-22 05:44:21.878			311
315	16	1900-11-11	1900-11-11	1970-02-22 09:44:41.884	1970-02-22 09:44:41.884	315.315	315.315	311
316	17	1900-11-12	1900-11-12	1970-02-22 13:45:01.890	1970-02-22 13:45:01.890			311
317	18	1900-11-13	1900-11-13	1970-02-22 17:45:21.896	1970-02-22 17:45:21.896			311
318	19	1900-11-14	1900-11-14	1970-02-22 21:45:41.902	1970-02-22 21:45:41.902	318.318	318.318	311
319	20	1900-11-15	1900-11-15	1970-02-23 01:46:01.908	1970-02-23 01:46:01.908			311
320	21	1900-11-16	1900-11-16	1970-02-23 05:46:21.914	1970-02-23 05:46:21.914			311
321	22	1900-11-17	1900-11-17	1970-02-23 09:46:41.920	1970-02-23 09:46:41.920	321.321	321.321	
322	23	1900-11-18	1900-11-18	1970-02-23 13:47:01.926	1970-02-23 13:47:01.926			321
323	24	1900-11-19	1900-11-19	1970-02-23 17:47:21.932	1970-02-23 17:47:21.932			321
324	25	1900-11-20	1900-11-20	1970-02-23 21:47:41.938	1970-02-23 21:47:41.938	324.324	324.324	321
325	26	1900-11-21	1900-11-21	1970-02-24 01:48:01.944	1970-02-24 01:48:01.944			321
326	27	1900-11-22	1900-11-22	1970-02-24 05:48:21.950	1970-02-24 05:48:21.950			321
327	28	1900-11-23	1900-11-23	1970-02-24 09:48:41.956	1970-02-24 09:48:41.956	327.327	327.327	321
328	29	1900-11-24	1900-11-24	1970-02-24 13:49:01.962	1970-02-24 13:49:01.962			321
329	30	1900-11-25	1900-11-25	1970-02-24 17:49:21.968	1970-02-24 17:49:21.968			321
330	31	1900-11-26	1900-11-26	1970-02-24 21:49:41.974	1970-02-24 21:49:41.974	330.330	330.330	321
331	32	1900-11-27	1900-11-27	1970-02-25 01:50:01.980	1970-02-25 01:50:01.980			
332	33	1900-11-28	1900-11-28	1970-02-25 05:50:21.986	1970-02-25 05:50:21.986			331
333	34	1900-11-29	1900-11-29	1970-02-25 09:50:41.992	1970-02-25 09:50:41.992	333.333	333.333	331
334	35	1900-11-30	1900-11-30	1970-02-25 13:51:01.998	1970-02-25 13:51:01.998			331
335	36	1900-12-01	1900-12-01	1970-02-25 17:51:22.004	1970-02-25 17:51:22.004			331
336	37	1900-12-02	1900-12-02	1970-02-25 21:51:42.010	1970-02-25 21:51:42.010	336.336	336.336	331
337	38	1900-12-03	1900-12-03	1970-02-26 01:52:02.016	1970-02-26 01:52:02.016			331
338	39	1900-12-04	1900-12-04	1970-02-26 05:52:22.022	1970-02-26 05:52:22.022			331
339	40	1900-12-05	1900-12-05	1970-02-26 09:52:42.028	1970-02-26 09:52:42.028	339.339	339.339	331
340	41	1900-12-06	1900-12-06	1970-02-26 13:53:02.034	1970-02-26 13:53:02.034			331
341	42	1900-12-07	1900-12-07	1970-02-26 17:53:22.040	1970-02-26 17:53:22.040			
342	43	1900-12-08	1900-12-08	1970-02-26 21:53:42.046	1970-02-26 21:53:42.046	342.342	342.342	341
343	44	1900-12-09	1900-12-09	1970-02-27 01:54:02.052	1970-02-27 01:54:02.052			341
344	45	1900-12-10	1900-12-10	1970-02-27 05:54:22.058	1970-02-27 05:54:22.058			341
345	46	1900-12-11	1900-12-11	1970-02-27 09:54:42.064	1970-02-27 09:54:42.064	345.345	345.345	341
346	47	1900-12-12	1900-12-12	1970-02-27 13:55:02.070	1970-02-27 13:55:02.070			341
347	48	1900-12-13	1900-12-13	1970-02-27 17:55:22.076	1970-02-27 17:55:22.076			341
348	49	1900-12-14	1900-12-14	1970-02-27 21:55:42.082	1970-02-27 21:55:42.082	348.348	348.348	341
349	50	1900-12-15	1900-12-15	1970-02-28 01:56:02.088	1970-02-28 01:56:02.088			341
350	51	1900-12-16	1900-12-16	1970-02-28 05:56:22.094	1970-02-28 05:56:22.094			341
351	52	1900-12-17	1900-12-17	1970-02-28 09:56:42.100	1970-02-28 09:56:42.100	351.351	351.351	
352	53	1900-12-18	1900-12-18	1970-02-28 13:57:02.106	1970-02-28 13:57:02.106			351
353	54	1900-12-19	1900-12-19	1970-02-28 17:57:22.112	1970-02-28 17:57:22.112			351
354	55	1900-12-20	1900-12-20	1970-02-28 21:57:42.118	1970-02-28 21:57:42.118	354.354	354.354	351
355	56	1900-12-21	1900-12-21	1970-03-01 01:58:02.124	1970-03-01 01:58:02.124			351
356	57	1900-12-22	1900-12-22	1970-03-01 05:58:22.130	1970-03-01 05:58:22.130			351
357	58	1900-12-23	1900-12-23	1970-03-01 09:58:42.136	1970-03-01 09:58:42.136	357.357	357.357	351
358	59	1900-12-24	1900-12-24	1970-03-01 13:59:02.142	1970-03-01 13:59:02.142			351
359	60	1900-12-25	1900-12-25	1970-03-01 17:59:22.148	1970-03-01 17:59:22.148			351
360	61	1900-12-26	1900-12-26	1970-03-01 21:59:42.154	1970-03-01 21:59:42.154	360.360	360.360	351
361	62	1900-12-27	1900-12-27	1970-03-02 02:00:02.160	1970-03-02 02:00:02.160			
362	63	1900-12-28	1900-12-28	1970-03-02 06:00:22.166	1970-03-02 06:00:22.166			361
363	64	1900-12-29	1900-12-29	1970-03-02 10:00:42.172	1970-03-02 10:00:42.172	363.363	363.363	361
364	65	1900-12-30	1900-12-30	1970-03-02 14:01:02.178	1970-03-02 14:01:02.178			361
365	66	1900-12-31	1900-12-31	1970-03-02 18:01:22.184	1970-03-02 18:01:22.184			361
366	67	1901-01-01	1901-01-01	1970-03-02 22:01:42.190	1970-03-02 22:01:42.190	366.366	366.366	361
367	68	1901-01-02	1901-01-02	1970-03-03 02:02:02.196	1970-03-03 02:02:02.196			361
368	69	1901-01-03	1901-01-03	1970-03-03 06:02:22.202	1970-03-03 06:02:22.202			361
369	70	1901-01-04	1901-01-04	1970-03-03 10:02:42.208	1970-03-03 10:02:42.208	369.369	369.369	361
370	71	1901-01-05	1901-01-05	1970-03-03 14:03:02.214	1970-03-03 14:03:02.214			361
371	72	1901-01-06	1901-01-06	1970-03-03 18:03:22.220	1970-03-03 18:03:22.220			
372	73	1901-01-07	1901-01-07	1970-03-03 22:03:42.226	1970-03-03 22:03:42.226	372.372	372.372	371
373	74	1901-01-08	1901-01-08	1970-03-04 02:04:02.232	1970-03-04 02:04:02.232			371
374	75	1901-01-09	1901-01-09	1970-03-04 06:04:22.238	1970-03-04 06:04:22.238			371
375	76	1901-01-10	1901-01-10	1970-03-04 10:04:42.244	1970-03-04 10:04:42.244	375.375	375.375	371
376	77	1901-01-11	1901-01-11	1970-03-04 14:05:02.250	1970-03-04 14:05:02.250			371
377	78	1901-01-12	1901-01-12	1970-03-04 18:05:22.256	1970-03-04 18:05:22.256			371
378	79	1901-01-13	1901-01-13	1970-03-04 22:05:42.262	1970-03-04 22:05:42.262	378.378	378.378	371
379	80	1901-01-14	1901-01-14	1970-03-05 02:06:02.268	1970-03-05 02:06:02.268			371
380	81	1901-01-15	1901-01-15	1970-03-05 06:06:22.274	1970-03-05 06:06:22.274			371
381	82	1901-01-16	1901-01-16	1970-03-05 10:06:42.280	1970-03-05 10:06:42.280	381.381	381.381	
382	83	1901-01-17	1901-01-17	1970-03-05 14:07:02.286	1970-03-05 14:07:02.286			381
383	84	1901-01-18	1901-01-18	1970-03-05 18:07:22.292	1970-03-05 18:07:22.292			381
384	85	1901-01-19	1901-01-19	1970-03-05 22:07:42.298	1970-03-05 22:07:42.298	384.384	384.384	381
385	86	1901-01-20	1901-01-20	1970-03-06 02:08:02.304	1970-03-06 02:08:02.304			381
386	87	1901-01-21	1901-01-21	1970-03-06 06:08:22.310	1970-03-06 06:08:22.310			381
387	88	1901-01-22	1901-01-22	1970-03-06 10:08:42.316	1970-03-06 10:08:42.316	387.387	387.387	381
388	89	1901-01-23	1901-01-23	1970-03-06 14:09:02.322	1970-03-06 14:09:02.322			381
389	90	1901-01-24	1901-01-24	1970-03-06 18:09:22.328	1970-03-06 18:09:22.328			381
390	91	1901-01-25	1901-01-25	1970-03-06 22:09:42.334	1970-03-06 22:09:42.334	390.390	390.390	381
391	92	1901-01-26	1901-01-26	1970-03-07 02:10:02.340	1970-03-07 02:10:02.340			
392	93	1901-01-27	1901-01-27	1970-03-07 06:10:22.346	1970-03-07 06:10:22.346			391
393	94	1901-01-28	1901-01-28	1970-03-07 10:10:42.352	1970-03-07 10:10:42.352	393.393	393.393	391
394	95	1901-01-29	1901-01-29	1970-03-07 14:11:02.358	1970-03-07 14:11:02.358			391
395	96	1901-01-30	1901-01-30	1970-03-07 18:11:22.364	1970-03-07 18:11:22.364			391
396	97	1901-01-31	1901-01-31	1970-03-07 22:11:42.370	1970-03-07 22:11:42.370	396.396	396.396	391
397	98	1901-02-01	1901-02-01	1970-03-08 02:12:02.376	1970-03-08 02:12:02.376			391
398	99	1901-02-02	1901-02-02	1970-03-08 06:12:22.382	1970-03-08 06:12:22.382			391
399	100	1901-02-03	1901-02-03	1970-03-08 10:12:42.388	1970-03-08 10:12:42.388	399.399	399.399	391
400	101	1901-02-04	1901-02-04	1970-03-08 14:13:02.394	1970-03-08 14:13:02.394			391
401	102	1901-02-05	1901-02-05	1970-03-08 18:13:22.400	1970-03-08 18:13:22.400			
402	103	1901-02-06	1901-02-06	1970-03-08 22:13:42.406	1970-03-08 22:13:42.406	402.402	402.402	401
403	104	1901-02-07	1901-02-07	1970-03-09 02:14:02.412	1970-03-09 02:14:02.412			401
404	105	1901-02-08	1901-02-08	1970-03-09 06:14:22.418	1970-03-09 06:14:22.418			401
405	106	1901-02-09	1901-02-09	1970-03-09 10:14:42.424	1970-03-09 10:14:42.424	405.405	405.405	401
406	107	1901-02-10	1901-02-10	1970-03-09 14:15:02.430	1970-03-09 14:15:02.430			401
407	108	1901-02-11	1901-02-11	1970-03-09 18:15:22.436	1970-03-09 18:15:22.436			401
408	109	1901-02-12	1901-02-12	1970-03-09 22:15:42.442	1970-03-09 22:15:42.442	408.408	408.408	401
409	110	1901-02-13	1901-02-13	1970-03-10 02:16:02.448	1970-03-10 02:16:02.448			401
410	111	1901-02-14	1901-02-14	1970-03-10 06:16:22.454	1970-03-10 06:16:22.454			401
411	112	1901-02-15	1901-02-15	1970-03-10 10:16:42.460	1970-03-10 10:16:42.460	411.411	411.411	
412	113	1901-02-16	1901-02-16	1970-03-10 14:17:02.466	1970-03-10 14:17:02.466			411
413	114	1901-02-17	1901-02-17	1970-03-10 18:17:22.472	1970-03-10 18:17:22.472			411
414	115	1901-02-18	1901-02-18	1970-03-10 22:17:42.478	1970-03-10 22:17:42.478	414.414	414.414	411
415	116	1901-02-19	1901-02-19	1970-03-11 02:18:02.484	1970-03-11 02:18:02.484			411
416	117	1901-02-20	1901-02-20	1970-03-11 06:18:22.490	1970-03-11 06:18:22.490			411
417	118	1901-02-21	1901-02-21	1970-03-11 10:18:42.496	1970-03-11 10:18:42.496	417.417	417.417	411
418	119	1901-02-22	1901-02-22	1970-03-11 14:19:02.502	1970-03-11 14:19:02.502			411
419	120	1901-02-23	1901-02-23	1970-03-11 18:19:22.508	1970-03-11 18:19:22.508			411
420	121	1901-02-24	1901-02-24	1970-03-11 22:19:42.514	1970-03-11 22:19:42.514	420.420	420.420	411
421	122	1901-02-25	1901-02-25	1970-03-12 02:20:02.520	1970-03-12 02:20:02.520			
422	123	1901-02-26	1901-02-26	1970-03-12 06:20:22.526	1970-03-12 06:20:22.526			421
423	124	1901-02-27	1901-02-27	1970-03-12 10:20:42.532	1970-03-12 10:20:42.532	423.423	423.423	421
424	125	1901-02-28	1901-02-28	1970-03-12 14:21:02.538	1970-03-12 14:21:02.538			421
425	126	1901-03-01	1901-03-01	1970-03-12 18:21:22.544	1970-03-12 18:21:22.544			421
426	127	1901-03-02	1901-03-02	1970-03-12 22:21:42.550	1970-03-12 22:21:42.550	426.426	426.426	421
427	128	1901-03-03	1901-03-03	1970-03-13 02:22:02.556	1970-03-13 02:22:02.556			421
428	129	1901-03-04	1901-03-04	1970-03-13 06:22:22.562	1970-03-13 06:22:22.562			421
429	130	1901-03-05	1901-03-05	1970-03-13 10:22:42.568	1970-03-13 10:22:42.568	429.429	429.429	421
430	131	1901-03-06	1901-03-06	1970-03-13 14:23:02.574	1970-03-13 14:23:02.574			421
431	132	1901-03-07	1901-03-07	1970-03-13 18:23:22.580	1970-03-13 18:23:22.580			
432	133	1901-03-08	1901-03-08	1970-03-13 22:23:42.586	1970-03-13 22:23:42.586	432.432	432.432	431
433	134	1901-03-09	1901-03-09	1970-03-14 02:24:02.592	1970-03-14 02:24:02.592			431
434	135	1901-03-10	1901-03-10	1970-03-14 06:24:22.598	1970-03-14 06:24:22.598			431
435	136	1901-03-11	1901-03-11	1970-03-14 10:24:42.604	1970-03-14 10:24:42.604	435.435	435.435	431
436	137	1901-03-12	1901-03-12	1970-03-14 14:25:02.610	1970-03-14 14:25:02.610			431
437	138	1901-03-13	1901-03-13	1970-03-14 18:25:22.616	1970-03-14 18:25:22.616			431
438	139	1901-03-14	1901-03-14	1970-03-14 22:25:42.622	1970-03-14 22:25:42.622	438.438	438.438	431
439	140	1901-03-15	1901-03-15	1970-03-15 02:26:02.628	1970-03-15 02:26:02.628			431
440	141	1901-03-16	1901-03-16	1970-03-15 06:26:22.634	1970-03-15 06:26:22.634			431
441	142	1901-03-17	1901-03-17	1970-03-15 10:26:42.640	1970-03-15 10:26:42.640	441.441	441.441	
442	143	1901-03-18	1901-03-18	1970-03-15 14:27:02.646	1970-03-15 14:27:02.646			441
443	144	1901-03-19	1901-03-19	1970-03-15 18:27:22.652	1970-03-15 18:27:22.652			441
444	145	1901-03-20	1901-03-20	1970-03-15 22:27:42.658	1970-03-15 22:27:42.658	444.444	444.444	441
445	146	1901-03-21	1901-03-21	1970-03-16 02:28:02.664	1970-03-16 02:28:02.664			441
446	147	1901-03-22	1901-03-22	1970-03-16 06:28:22.670	1970-03-16 06:28:22.670			441
447	148	1901-03-23	1901-03-23	1970-03-16 10:28:42.676	1970-03-16 10:28:42.676	447.447	447.447	441
448	149	1901-03-24	1901-03-24	1970-03-16 14:29:02.682	1970-03-16 14:29:02.682			441
449	150	1901-03-25	1901-03-25	1970-03-16 18:29:22.688	1970-03-16 18:29:22.688			441
450	151	1901-03-26	1901-03-26	1970-03-16 22:29:42.694	1970-03-16 22:29:42.694	450.450	450.450	441
451	152	1901-03-27	1901-03-27	1970-03-17 02:30:02.700	1970-03-17 02:30:02.700			
452	153	1901-03-28	1901-03-28	1970-03-17 06:30:22.706	1970-03-17 06:30:22.706			451
453	154	1901-03-29	1901-03-29	1970-03-17 10:30:42.712	1970-03-17 10:30:42.712	453.453	453.453	451
454	155	1901-03-30	1901-03-30	1970-03-17 14:31:02.718	1970-03-17 14:31:02.718			451
455	156	1901-03-31	1901-03-31	1970-03-17 18:31:22.724	1970-03-17 18:31:22.724			451
456	157	1901-04-01	1901-04-01	1970-03-17 22:31:42.730	1970-03-17 22:31:42.730	456.456	456.456	451
457	158	1901-04-02	1901-04-02	1970-03-18 02:32:02.736	1970-03-18 02:32:02.736			451
458	159	1901-04-03	1901-04-03	1970-03-18 06:32:22.742	1970-03-18 06:32:22.742			451
459	160	1901-04-04	1901-04-04	1970-03-18 10:32:42.748	1970-03-18 10:32:42.748	459.459	459.459	451
460	161	1901-04-05	1901-04-05	1970-03-18 14:33:02.754	1970-03-18 14:33:02.754			451
461	162	1901-04-06	1901-04-06	1970-03-18 18:33:22.760	1970-03-18 18:33:22.760			
462	163	1901-04-07	1901-04-07	1970-03-18 22:33:42.766	1970-03-18 22:33:42.766	462.462	462.462	461
463	164	1901-04-08	1901-04-08	1970-03-19 02:34:02.772	1970-03-19 02:34:02.772			461
464	165	1901-04-09	1901-04-09	1970-03-19 06:34:22.778	1970-03-19 06:34:22.778			461
465	166	1901-04-10	1901-04-10	1970-03-19 10:34:42.784	1970-03-19 10:34:42.784	465.465	465.465	461
466	167	1901-04-11	1901-04-11	1970-03-19 14:35:02.790	1970-03-19 14:35:02.790			461
467	168	1901-04-12	1901-04-12	1970-03-19 18:35:22.796	1970-03-19 18:35:22.796			461
468	169	1901-04-13	1901-04-13	1970-03-19 22:35:42.802	1970-03-19 22:35:42.802	468.468	468.468	461
469	170	1901-04-14	1901-04-14	1970-03-20 02:36:02.808	1970-03-20 02:36:02.808			461
470	171	1901-04-15	1901-04-15	1970-03-20 06:36:22.814	1970-03-20 06:36:22.814			461
471	172	1901-04-16	1901-04-16	1970-03-20 10:36:42.820	1970-03-20 10:36:42.820	471.471	471.471	
472	173	1901-04-17	1901-04-17	1970-03-20 14:37:02.826	1970-03-20 14:37:02.826			471
473	174	1901-04-18	1901-04-18	1970-03-20 18:37:22.832	1970-03-20 18:37:22.832			471
474	175	1901-04-19	1901-04-19	1970-03-20 22:37:42.838	1970-03-20 22:37:42.838	474.474	474.474	471
475	176	1901-04-20	1901-04-20	1970-03-21 02:38:02.844	1970-03-21 02:38:02.844			471
476	177	1901-04-21	1901-04-21	1970-03-21 06:38:22.850	1970-03-21 06:38:22.850			471
477	178	1901-04-22	1901-04-22	1970-03-21 10:38:42.856	1970-03-21 10:38:42.856	477.477	477.477	471
478	179	1901-04-23	1901-04-23	1970-03-21 14:39:02.862	1970-03-21 14:39:02.862			471
479	180	1901-04-24	1901-04-24	1970-03-21 18:39:22.868	1970-03-21 18:39:22.868			471
480	181	1901-04-25	1901-04-25	1970-03-21 22:39:42.874	1970-03-21 22:39:42.874	480.480	480.480	471
481	182	1901-04-26	1901-04-26	1970-03-22 02:40:02.880	1970-03-22 02:40:02.880			
482	183	1901-04-27	1901-04-27	1970-03-22 06:40:22.886	1970-03-22 06:40:22.886			481
483	184	1901-04-28	1901-04-28	1970-03-22 10:40:42.892	1970-03-22 10:40:42.892	483.483	483.483	481
484	185	1901-04-29	1901-04-29	1970-03-22 14:41:02.898	1970-03-22 14:41:02.898			481
485	186	1901-04-30	1901-04-30	1970-03-22 18:41:22.904	1970-03-22 18:41:22.904			481
486	187	1901-05-01	1901-05-01	1970-03-22 22:41:42.910	1970-03-22 22:41:42.910	486.486	486.486	481
487	188	1901-05-02	1901-05-02	1970-03-23 02:42:02.916	1970-03-23 02:42:02.916			481
488	189	1901-05-03	1901-05-03	1970-03-23 06:42:22.922	1970-03-23 06:42:22.922			481
489	190	1901-05-04	1901-05-04	1970-03-23 10:42:42.928	1970-03-23 10:42:42.928	489.489	489.489	481
490	191	1901-05-05	1901-05-05	1970-03-23 14:43:02.934	1970-03-23 14:43:02.934			481
491	192	1901-05-06	1901-05-06	1970-03-23 18:43:22.940	1970-03-23 18:43:22.940			
492	193	1901-05-07	1901-05-07	1970-03-23 22:43:42.946	1970-03-23 22:43:42.946	492.492	492.492	491
493	194	1901-05-08	1901-05-08	1970-03-24 02:44:02.952	1970-03-24 02:44:02.952			491
494	195	1901-05-09	1901-05-09	1970-03-24 06:44:22.958	1970-03-24 06:44:22.958			491
495	196	1901-05-10	1901-05-10	1970-03-24 10:44:42.964	1970-03-24 10:44:42.964	495.495	495.495	491
496	197	1901-05-11	1901-05-11	1970-03-24 14:45:02.970	1970-03-24 14:45:02.970			491
497	198	1901-05-12	1901-05-12	1970-03-24 18:45:22.976	1970-03-24 18:45:22.976			491
498	199	1901-05-13	1901-05-13	1970-03-24 22:45:42.982	1970-03-24 22:45:42.982	498.498	498.498	491
499	200	1901-05-14	1901-05-14	1970-03-25 02:46:02.988	1970-03-25 02:46:02.988			491
500	201	1901-05-15	1901-05-15	1970-03-25 06:46:22.994	1970-03-25 06:46:22.994			491
501	202	1901-05-16	1901-05-16	1970-03-25 10:46:43.000	1970-03-25 10:46:43.000	501.501	501.501	
502	203	1901-05-17	1901-05-17	1970-03-25 14:47:03.006	1970-03-25 14:47:03.006			501
503	204	1901-05-18	1901-05-18	1970-03-25 18:47:23.012	1970-03-25 18:47:23.012			501
504	205	1901-05-19	1901-05-19	1970-03-25 22:47:43.018	1970-03-25 22:47:43.018	504.504	504.504	501
505	206	1901-05-20	1901-05-20	1970-03-26 02:48:03.024	1970-03-26 02:48:03.024			501
506	207	1901-05-21	1901-05-21	1970-03-26 06:48:23.030	1970-03-26 06:48:23.030			501
507	208	1901-05-22	1901-05-22	1970-03-26 10:48:43.036	1970-03-26 10:48:43.036	507.507	507.507	501
508	209	1901-05-23	1901-05-23	1970-03-26 14:49:03.042	1970-03-26 14:49:03.042			501
509	210	1901-05-24	1901-05-24	1970-03-26 18:49:23.048	1970-03-26 18:49:23.048			501
510	211	1901-05-25	1901-05-25	1970-03-26 22:49:43.054	1970-03-26 22:49:43.054	510.510	510.510	501
511	212	1901-05-26	1901-05-26	1970-03-27 02:50:03.060	1970-03-27 02:50:03.060			
512	213	1901-05-27	1901-05-27	1970-03-27 06:50:23.066	1970-03-27 06:50:23.066			511
513	214	1901-05-28	1901-05-28	1970-03-27 10:50:43.072	1970-03-27 10:50:43.072	513.513	513.513	511
514	215	1901-05-29	1901-05-29	1970-03-27 14:51:03.078	1970-03-27 14:51:03.078			511
515	216	1901-05-30	1901-05-30	1970-03-27 18:51:23.084	1970-03-27 18:51:23.084			511
516	217	1901-05-31	1901-05-31	1970-03-27 22:51:43.090	1970-03-27 22:51:43.090	516.516	516.516	511
517	218	1901-06-01	1901-06-01	1970-03-28 02:52:03.096	1970-03-28 02:52:03.096			511
518	219	1901-06-02	1901-06-02	1970-03-28 06:52:23.102	1970-03-28 06:52:23.102			511
519	220	1901-06-03	1901-06-03	1970-03-28 10:52:43.108	1970-03-28 10:52:43.108	519.519	519.519	511
520	221	1901-06-04	1901-06-04	1970-03-28 14:53:03.114	1970-03-28 14:53:03.114			511
521	222	1901-06-05	1901-06-05	1970-03-28 18:53:23.120	1970-03-28 18:53:23.120			
522	223	1901-06-06	1901-06-06	1970-03-28 22:53:43.126	1970-03-28 22:53:43.126	522.522	522.522	521
523	224	1901-06-07	1901-06-07	1970-03-29 02:54:03.132	1970-03-29 02:54:03.132			521
524	225	1901-06-08	1901-06-08	1970-03-29 06:54:23.138	1970-03-29 06:54:23.138			521
525	226	1901-06-09	1901-06-09	1970-03-29 10:54:43.144	1970-03-29 10:54:43.144	525.525	525.525	521
526	227	1901-06-10	1901-06-10	1970-03-29 14:55:03.150	1970-03-29 14:55:03.150			521
527	228	1901-06-11	1901-06-11	1970-03-29 18:55:23.156	1970-03-29 18:55:23.156			521
528	229	1901-06-12	1901-06-12	1970-03-29 22:55:43.162	1970-03-29 22:55:43.162	528.528	528.528	521
529	230	1901-06-13	1901-06-13	1970-03-30 02:56:03.168	1970-03-30 02:56:03.168			521
530	231	1901-06-14	1901-06-14	1970-03-30 06:56:23.174	1970-03-30 06:56:23.174			521
531	232	1901-06-15	1901-06-15	1970-03-30 10:56:43.180	1970-03-30 10:56:43.180	531.531	531.531	
532	233	1901-06-16	1901-06-16	1970-03-30 14:57:03.186	1970-03-30 14:57:03.186			531
533	234	1901-06-17	1901-06-17	1970-03-30 18:57:23.192	1970-03-30 18:57:23.192			531
534	235	1901-06-18	1901-06-18	1970-03-30 22:57:43.198	1970-03-30 22:57:43.198	534.534	534.534	531
535	236	1901-06-19	1901-06-19	1970-03-31 02:58:03.204	1970-03-31 02:58:03.204			531
536	237	1901-06-20	1901-06-20	1970-03-31 06:58:23.210	1970-03-31 06:58:23.210			531
537	238	1901-06-21	1901-06-21	1970-03-31 10:58:43.216	1970-03-31 10:58:43.216	537.537	537.537	531
538	239	1901-06-22	1901-06-22	1970-03-31 14:59:03.222	1970-03-31 14:59:03.222			531
539	240	1901-06-23	1901-06-23	1970-03-31 18:59:23.228	1970-03-31 18:59:23.228			531
540	241	1901-06-24	1901-06-24	1970-03-31 22:59:43.234	1970-03-31 22:59:43.234	540.540	540.540	531
541	242	1901-06-25	1901-06-25	1970-04-01 03:00:03.240	1970-04-01 03:00:03.240			
542	243	1901-06-26	1901-06-26	1970-04-01 07:00:23.246	1970-04-01 07:00:23.246			541
543	244	1901-06-27	1901-06-27	1970-04-01 11:00:43.252	1970-04-01 11:00:43.252	543.543	543.543	541
544	245	1901-06-28	1901-06-28	1970-04-01 15:01:03.258	1970-04-01 15:01:03.258			541
545	246	1901-06-29	1901-06-29	1970-04-01 19:01:23.264	1970-04-01 19:01:23.264			541
546	247	1901-06-30	1901-06-30	1970-04-01 23:01:43.270	1970-04-01 23:01:43.270	546.546	546.546	541
547	248	1901-07-01	1901-07-01	1970-04-02 03:02:03.276	1970-04-02 03:02:03.276			541
548	249	1901-07-02	1901-07-02	1970-04-02 07:02:23.282	1970-04-02 07:02:23.282			541
549	250	1901-07-03	1901-07-03	1970-04-02 11:02:43.288	1970-04-02 11:02:43.288	549.549	549.549	541
550	251	1901-07-04	1901-07-04	1970-04-02 15:03:03.294	1970-04-02 15:03:03.294			541
551	252	1901-07-05	1901-07-05	1970-04-02 19:03:23.300	1970-04-02 19:03:23.300			
552	253	1901-07-06	1901-07-06	1970-04-02 23:03:43.306	1970-04-02 23:03:43.306	552.552	552.552	551
553	254	1901-07-07	1901-07-07	1970-04-03 03:04:03.312	1970-04-03 03:04:03.312			551
554	255	1901-07-08	1901-07-08	1970-04-03 07:04:23.318	1970-04-03 07:04:23.318			551
555	256	1901-07-09	1901-07-09	1970-04-03 11:04:43.324	1970-04-03 11:04:43.324	555.555	555.555	551
556	257	1901-07-10	1901-07-10	1970-04-03 15:05:03.330	1970-04-03 15:05:03.330			551
557	258	1901-07-11	1901-07-11	1970-04-03 19:05:23.336	1970-04-03 19:05:23.336			551
558	259	1901-07-12	1901-07-12	1970-04-03 23:05:43.342	1970-04-03 23:05:43.342	558.558	558.558	551
559	260	1901-07-13	1901-07-13	1970-04-04 03:06:03.348	1970-04-04 03:06:03.348			551
560	261	1901-07-14	1901-07-14	1970-04-04 07:06:23.354	1970-04-04 07:06:23.354			551
561	262	1901-07-15	1901-07-15	1970-04-04 11:06:43.360	1970-04-04 11:06:43.360	561.561	561.561	
562	263	1901-07-16	1901-07-16	1970-04-04 15:07:03.366	1970-04-04 15:07:03.366			561
563	264	1901-07-17	1901-07-17	1970-04-04 19:07:23.372	1970-04-04 19:07:23.372			561
564	265	1901-07-18	1901-07-18	1970-04-04 23:07:43.378	1970-04-04 23:07:43.378	564.564	564.564	561
565	266	1901-07-19	1901-07-19	1970-04-05 03:08:03.384	1970-04-05 03:08:03.384			561
566	267	1901-07-20	1901-07-20	1970-04-05 07:08:23.390	1970-04-05 07:08:23.390			561
567	268	1901-07-21	1901-07-21	1970-04-05 11:08:43.396	1970-04-05 11:08:43.396	567.567	567.567	561
568	269	1901-07-22	1901-07-22	1970-04-05 15:09:03.402	1970-04-05 15:09:03.402			561
569	270	1901-07-23	1901-07-23	1970-04-05 19:09:23.408	1970-04-05 19:09:23.408			561
570	271	1901-07-24	1901-07-24	1970-04-05 23:09:43.414	1970-04-05 23:09:43.414	570.570	570.570	561
571	272	1901-07-25	1901-07-25	1970-04-06 03:10:03.420	1970-04-06 03:10:03.420			
572	273	1901-07-26	1901-07-26	1970-04-06 07:10:23.426	1970-04-06 07:10:23.426			571
573	274	1901-07-27	1901-07-27	1970-04-06 11:10:43.432	1970-04-06 11:10:43.432	573.573	573.573	571
574	275	1901-07-28	1901-07-28	1970-04-06 15:11:03.438	1970-04-06 15:11:03.438			571
575	276	1901-07-29	1901-07-29	1970-04-06 19:11:23.444	1970-04-06 19:11:23.444			571
576	277	1901-07-30	1901-07-30	1970-04-06 23:11:43.450	1970-04-06 23:11:43.450	576.576	576.576	571
577	278	1901-07-31	1901-07-31	1970-04-07 03:12:03.456	1970-04-07 03:12:03.456			571
578	279	1901-08-01	1901-08-01	1970-04-07 07:12:23.462	1970-04-07 07:12:23.462			571
579	280	1901-08-02	1901-08-02	1970-04-07 11:12:43.468	1970-04-07 11:12:43.468	579.579	579.579	571
580	281	1901-08-03	1901-08-03	1970-04-07 15:13:03.474	1970-04-07 15:13:03.474			571
581	282	1901-08-04	1901-08-04	1970-04-07 19:13:23.480	1970-04-07 19:13:23.480			
582	283	1901-08-05	1901-08-05	1970-04-07 23:13:43.486	1970-04-07 23:13:43.486	582.582	582.582	581
583	284	1901-08-06	1901-08-06	1970-04-08 03:14:03.492	1970-04-08 03:14:03.492			581
584	285	1901-08-07	1901-08-07	1970-04-08 07:14:23.498	1970-04-08 07:14:23.498			581
585	286	1901-08-08	1901-08-08	1970-04-08 11:14:43.504	1970-04-08 11:14:43.504	585.585	585.585	581
586	287	1901-08-09	1901-08-09	1970-04-08 15:15:03.510	1970-04-08 15:15:03.510			581
587	288	1901-08-10	1901-08-10	1970-04-08 19:15:23.516	1970-04-08 19:15:23.516			581
588	289	1901-08-11	1901-08-11	1970-04-08 23:15:43.522	1970-04-08 23:15:43.522	588.588	588.588	581
589	290	1901-08-12	1901-08-12	1970-04-09 03:16:03.528	1970-04-09 03:16:03.528			581
590	291	1901-08-13	1901-08-13	1970-04-09 07:16:23.534	1970-04-09 07:16:23.534			581
591	292	1901-08-14	1901-08-14	1970-04-09 11:16:43.540	1970-04-09 11:16:43.540	591.591	591.591	
592	293	1901-08-15	1901-08-15	1970-04-09 15:17:03.546	1970-04-09 15:17:03.546			591
593	294	1901-08-16	1901-08-16	1970-04-09 19:17:23.552	1970-04-09 19:17:23.552			591
594	295	1901-08-17	1901-08-17	1970-04-09 23:17:43.558	1970-04-09 23:17:43.558	594.594	594.594	591
595	296	1901-08-18	1901-08-18	1970-04-10 03:18:03.564	1970-04-10 03:18:03.564			591
596	297	1901-08-19	1901-08-19	1970-04-10 07:18:23.570	1970-04-10 07:18:23.570			591
597	298	1901-08-20	1901-08-20	1970-04-10 11:18:43.576	1970-04-10 11:18:43.576	597.597	597.597	591
598	299	1901-08-21	1901-08-21	1970-04-10 15:19:03.582	1970-04-10 15:19:03.582			591
599	300	1901-08-22	1901-08-22	1970-04-10 19:19:23.588	1970-04-10 19:19:23.588			591
600	1	1901-08-23	1901-08-23	1970-04-10 23:19:43.594	1970-04-10 23:19:43.594	600.600	600.600	591
601	2	1901-08-24	1901-08-24	1970-04-11 03:20:03.600	1970-04-11 03:20:03.600			
602	3	1901-08-25	1901-08-25	1970-04-11 07:20:23.606	1970-04-11 07:20:23.606			601
603	4	1901-08-26	1901-08-26	1970-04-11 11:20:43.612	1970-04-11 11:20:43.612	603.603	603.603	601
604	5	1901-08-27	1901-08-27	1970-04-11 15:21:03.618	1970-04-11 15:21:03.618			601
605	6	1901-08-28	1901-08-28	1970-04-11 19:21:23.624	1970-04-11 19:21:23.624			601
606	7	1901-08-29	1901-08-29	1970-04-11 23:21:43.630	1970-04-11 23:21:43.630	606.606	606.606	601
607	8	1901-08-30	1901-08-30	1970-04-12 03:22:03.636	1970-04-12 03:22:03.636			601
608	9	1901-08-31	1901-08-31	1970-04-12 07:22:23.642	1970-04-12 07:22:23.642			601
609	10	1901-09-01	1901-09-01	1970-04-12 11:22:43.648	1970-04-12 11:22:43.648	609.609	609.609	601
610	11	1901-09-02	1901-09-02	1970-04-12 15:23:03.654	1970-04-12 15:23:03.654			601
611	12	1901-09-03	1901-09-03	1970-04-12 19:23:23.660	1970-04-12 19:23:23.660			
612	13	1901-09-04	1901-09-04	1970-04-12 23:23:43.666	1970-04-12 23:23:43.666	612.612	612.612	611
613	14	1901-09-05	1901-09-05	1970-04-13 03:24:03.672	1970-04-13 03:24:03.672			611
614	15	1901-09-06	1901-09-06	1970-04-13 07:24:23.678	1970-04-13 07:24:23.678			611
615	16	1901-09-07	1901-09-07	1970-04-13 11:24:43.684	1970-04-13 11:24:43.684	615.615	615.615	611
616	17	1901-09-08	1901-09-08	1970-04-13 15:25:03.690	1970-04-13 15:25:03.690			611
617	18	1901-09-09	1901-09-09	1970-04-13 19:25:23.696	1970-04-13 19:25:23.696			611
618	19	1901-09-10	1901-09-10	1970-04-13 23:25:43.702	1970-04-13 23:25:43.702	618.618	618.618	611
619	20	1901-09-11	1901-09-11	1970-04-14 03:26:03.708	1970-04-14 03:26:03.708			611
620	21	1901-09-12	1901-09-12	1970-04-14 07:26:23.714	1970-04-14 07:26:23.714			611
621	22	1901-09-13	1901-09-13	1970-04-14 11:26:43.720	1970-04-14 11:26:43.720	621.621	621.621	
622	23	1901-09-14	1901-09-14	1970-04-14 15:27:03.726	1970-04-14 15:27:03.726			621
623	24	1901-09-15	1901-09-15	1970-04-14 19:27:23.732	1970-04-14 19:27:23.732			621
624	25	1901-09-16	1901-09-16	1970-04-14 23:27:43.738	1970-04-14 23:27:43.738	624.624	624.624	621
625	26	1901-09-17	1901-09-17	1970-04-15 03:28:03.744	1970-04-15 03:28:03.744			621
626	27	1901-09-18	1901-09-18	1970-04-15 07:28:23.750	1970-04-15 07:28:23.750			621
627	28	1901-09-19	1901-09-19	1970-04-15 11:28:43.756	1970-04-15 11:28:43.756	627.627	627.627	621
628	29	1901-09-20	1901-09-20	1970-04-15 15:29:03.762	1970-04-15 15:29:03.762			621
629	30	1901-09-21	1901-09-21	1970-04-15 19:29:23.768	1970-04-15 19:29:23.768			621
630	31	1901-09-22	1901-09-22	1970-04-15 23:29:43.774	1970-04-15 23:29:43.774	630.630	630.630	621
631	32	1901-09-23	1901-09-23	1970-04-16 03:30:03.780	1970-04-16 03:30:03.780			
632	33	1901-09-24	1901-09-24	1970-04-16 07:30:23.786	1970-04-16 07:30:23.786			631
633	34	1901-09-25	1901-09-25	1970-04-16 11:30:43.792	1970-04-16 11:30:43.792	633.633	633.633	631
634	35	1901-09-26	1901-09-26	1970-04-16 15:31:03.798	1970-04-16 15:31:03.798			631
635	36	1901-09-27	1901-09-27	1970-04-16 19:31:23.804	1970-04-16 19:31:23.804			631
636	37	1901-09-28	1901-09-28	1970-04-16 23:31:43.810	1970-04-16 23:31:43.810	636.636	636.636	631
637	38	1901-09-29	1901-09-29	1970-04-17 03:32:03.816	1970-04-17 03:32:03.816			631
638	39	1901-09-30	1901-09-30	1970-04-17 07:32:23.822	1970-04-17 07:32:23.822			631
639	40	1901-10-01	1901-10-01	1970-04-17 11:32:43.828	1970-04-17 11:32:43.828	639.639	639.639	631
640	41	1901-10-02	1901-10-02	1970-04-17 15:33:03.834	1970-04-17 15:33:03.834			631
641	42	1901-10-03	1901-10-03	1970-04-17 19:33:23.840	1970-04-17 19:33:23.840			
642	43	1901-10-04	1901-10-04	1970-04-17 23:33:43.846	1970-04-17 23:33:43.846	642.642	642.642	641
643	44	1901-10-05	1901-10-05	1970-04-18 03:34:03.852	1970-04-18 03:34:03.852			641
644	45	1901-10-06	1901-10-06	1970-04-18 07:34:23.858	1970-04-18 07:34:23.858			641
645	46	1901-10-07	1901-10-07	1970-04-18 11:34:43.864	1970-04-18 11:34:43.864	645.645	645.645	641
646	47	1901-10-08	1901-10-08	1970-04-18 15:35:03.870	1970-04-18 15:35:03.870			641
647	48	1901-10-09	1901-10-09	1970-04-18 19:35:23.876	1970-04-18 19:35:23.876			641
648	49	1901-10-10	1901-10-10	1970-04-18 23:35:43.882	1970-04-18 23:35:43.882	648.648	648.648	641
649	50	1901-10-11	1901-10-11	1970-04-19 03:36:03.888	1970-04-19 03:36:03.888			641
650	51	1901-10-12	1901-10-12	1970-04-19 07:36:23.894	1970-04-19 07:36:23.894			641
651	52	1901-10-13	1901-10-13	1970-04-19 11:36:43.900	1970-04-19 11:36:43.900	651.651	651.651	
652	53	1901-10-14	1901-10-14	1970-04-19 15:37:03.906	1970-04-19 15:37:03.906			651
653	54	1901-10-15	1901-10-15	1970-04-19 19:37:23.912	1970-04-19 19:37:23.912			651
654	55	1901-10-16	1901-10-16	1970-04-19 23:37:43.918	1970-04-19 23:37:43.918	654.654	654.654	651
655	56	1901-10-17	1901-10-17	1970-04-20 03:38:03.924	1970-04-20 03:38:03.924			651
656	57	1901-10-18	1901-10-18	1970-04-20 07:38:23.930	1970-04-20 07:38:23.930			651
657	58	1901-10-19	1901-10-19	1970-04-20 11:38:43.936	1970-04-20 11:38:43.936	657.657	657.657	651
658	59	1901-10-20	1901-10-20	1970-04-20 15:39:03.942	1970-04-20 15:39:03.942			651
659	60	1901-10-21	1901-10-21	1970-04-20 19:39:23.948	1970-04-20 19:39:23.948			651
660	61	1901-10-22	1901-10-22	1970-04-20 23:39:43.954	1970-04-20 23:39:43.954	660.660	660.660	651
661	62	1901-10-23	1901-10-23	1970-04-21 03:40:03.960	1970-04-21 03:40:03.960			
662	63	1901-10-24	1901-10-24	1970-04-21 07:40:23.966	1970-04-21 07:40:23.966			661
663	64	1901-10-25	1901-10-25	1970-04-21 11:40:43.972	1970-04-21 11:40:43.972	663.663	663.663	661
664	65	1901-10-26	1901-10-26	1970-04-21 15:41:03.978	1970-04-21 15:41:03.978			661
665	66	1901-10-27	1901-10-27	1970-04-21 19:41:23.984	1970-04-21 19:41:23.984			661
666	67	1901-10-28	1901-10-28	1970-04-21 23:41:43.990	1970-04-21 23:41:43.990	666.666	666.666	661
667	68	1901-10-29	1901-10-29	1970-04-22 03:42:03.996	1970-04-22 03:42:03.996			661
668	69	1901-10-30	1901-10-30	1970-04-22 07:42:24.002	1970-04-22 07:42:24.002			661
669	70	1901-10-31	1901-10-31	1970-04-22 11:42:44.008	1970-04-22 11:42:44.008	669.669	669.669	661
670	71	1901-11-01	1901-11-01	1970-04-22 15:43:04.014	1970-04-22 15:43:04.014			661
671	72	1901-11-02	1901-11-02	1970-04-22 19:43:24.020	1970-04-22 19:43:24.020			
672	73	1901-11-03	1901-11-03	1970-04-22 23:43:44.026	1970-04-22 23:43:44.026	672.672	672.672	671
673	74	1901-11-04	1901-11-04	1970-04-23 03:44:04.032	1970-04-23 03:44:04.032			671
674	75	1901-11-05	1901-11-05	1970-04-23 07:44:24.038	1970-04-23 07:44:24.038			671
675	76	1901-11-06	1901-11-06	1970-04-23 11:44:44.044	1970-04-23 11:44:44.044	675.675	675.675	671
676	77	1901-11-07	1901-11-07	1970-04-23 15:45:04.050	1970-04-23 15:45:04.050			671
677	78	1901-11-08	1901-11-08	1970-04-23 19:45:24.056	1970-04-23 19:45:24.056			671
678	79	1901-11-09	1901-11-09	1970-04-23 23:45:44.062	1970-04-23 23:45:44.062	678.678	678.678	671
679	80	1901-11-10	1901-11-10	1970-04-24 03:46:04.068	1970-04-24 03:46:04.068			671
680	81	1901-11-11	1901-11-11	1970-04-24 07:46:24.074	1970-04-24 07:46:24.074			671
681	82	1901-11-12	1901-11-12	1970-04-24 11:46:44.080	1970-04-24 11:46:44.080	681.681	681.681	
682	83	1901-11-13	1901-11-13	1970-04-24 15:47:04.086	1970-04-24 15:47:04.086			681
683	84	1901-11-14	1901-11-14	1970-04-24 19:47:24.092	1970-04-24 19:47:24.092			681
684	85	1901-11-15	1901-11-15	1970-04-24 23:47:44.098	1970-04-24 23:47:44.098	684.684	684.684	681
685	86	1901-11-16	1901-11-16	1970-04-25 03:48:04.104	1970-04-25 03:48:04.104			681
686	87	1901-11-17	1901-11-17	1970-04-25 07:48:24.110	1970-04-25 07:48:24.110			681
687	88	1901-11-18	1901-11-18	1970-04-25 11:48:44.116	1970-04-25 11:48:44.116	687.687	687.687	681
688	89	1901-11-19	1901-11-19	1970-04-25 15:49:04.122	1970-04-25 15:49:04.122			681
689	90	1901-11-20	1901-11-20	1970-04-25 19:49:24.128	1970-04-25 19:49:24.128			681
690	91	1901-11-21	1901-11-21	1970-04-25 23:49:44.134	1970-04-25 23:49:44.134	690.690	690.690	681
691	92	1901-11-22	1901-11-22	1970-04-26 03:50:04.140	1970-04-26 03:50:04.140			
692	93	1901-11-23	1901-11-23	1970-04-26 07:50:24.146	1970-04-26 07:50:24.146			691
693	94	1901-11-24	1901-11-24	1970-04-26 11:50:44.152	1970-04-26 11:50:44.152	693.693	693.693	691
694	95	1901-11-25	1901-11-25	1970-04-26 15:51:04.158	1970-04-26 15:51:04.158			691
695	96	1901-11-26	1901-11-26	1970-04-26 19:51:24.164	1970-04-26 19:51:24.164			691
696	97	1901-11-27	1901-11-27	1970-04-26 23:51:44.170	1970-04-26 23:51:44.170	696.696	696.696	691
697	98	1901-11-28	1901-11-28	1970-04-27 03:52:04.176	1970-04-27 03:52:04.176			691
698	99	1901-11-29	1901-11-29	1970-04-27 07:52:24.182	1970-04-27 07:52:24.182			691
699	100	1901-11-30	1901-11-30	1970-04-27 11:52:44.188	1970-04-27 11:52:44.188	699.699	699.699	691
700	101	1901-12-01	1901-12-01	1970-04-27 15:53:04.194	1970-04-27 15:53:04.194			691
701	102	1901-12-02	1901-12-02	1970-04-27 19:53:24.200	1970-04-27 19:53:24.200			
702	103	1901-12-03	1901-12-03	1970-04-27 23:53:44.206	1970-04-27 23:53:44.206	702.702	702.702	701
703	104	1901-12-04	1901-12-04	1970-04-28 03:54:04.212	1970-04-28 03:54:04.212			701
704	105	1901-12-05	1901-12-05	1970-04-28 07:54:24.218	1970-04-28 07:54:24.218			701
705	106	1901-12-06	1901-12-06	1970-04-28 11:54:44.224	1970-04-28 11:54:44.224	705.705	705.705	701
706	107	1901-12-07	1901-12-07	1970-04-28 15:55:04.230	1970-04-28 15:55:04.230			701
707	108	1901-12-08	1901-12-08	1970-04-28 19:55:24.236	1970-04-28 19:55:24.236			701
708	109	1901-12-09	1901-12-09	1970-04-28 23:55:44.242	1970-04-28 23:55:44.242	708.708	708.708	701
709	110	1901-12-10	1901-12-10	1970-04-29 03:56:04.248	1970-04-29 03:56:04.248			701
710	111	1901-12-11	1901-12-11	1970-04-29 07:56:24.254	1970-04-29 07:56:24.254			701
711	112	1901-12-12	1901-12-12	1970-04-29 11:56:44.260	1970-04-29 11:56:44.260	711.711	711.711	
712	113	1901-12-13	1901-12-13	1970-04-29 15:57:04.266	1970-04-29 15:57:04.266			711
713	114	1901-12-14	1901-12-14	1970-04-29 19:57:24.272	1970-04-29 19:57:24.272			711
714	115	1901-12-15	1901-12-15	1970-04-29 23:57:44.278	1970-04-29 23:57:44.278	714.714	714.714	711
715	116	1901-12-16	1901-12-16	1970-04-30 03:58:04.284	1970-04-30 03:58:04.284			711
716	117	1901-12-17	1901-12-17	1970-04-30 07:58:24.290	1970-04-30 07:58:24.290			711
717	118	1901-12-18	1901-12-18	1970-04-30 11:58:44.296	1970-04-30 11:58:44.296	717.717	717.717	711
718	119	1901-12-19	1901-12-19	1970-04-30 15:59:04.302	1970-04-30 15:59:04.302			711
719	120	1901-12-20	1901-12-20	1970-04-30 19:59:24.308	1970-04-30 19:59:24.308			711
720	121	1901-12-21	1901-12-21	1970-04-30 23:59:44.314	1970-04-30 23:59:44.314	720.720	720.720	711
721	122	1901-12-22	1901-12-22	1970-05-01 04:00:04.320	1970-05-01 04:00:04.320			
722	123	1901-12-23	1901-12-23	1970-05-01 08:00:24.326	1970-05-01 08:00:24.326			721
723	124	1901-12-24	1901-12-24	1970-05-01 12:00:44.332	1970-05-01 12:00:44.332	723.723	723.723	721
724	125	1901-12-25	1901-12-25	1970-05-01 16:01:04.338	1970-05-01 16:01:04.338			721
725	126	1901-12-26	1901-12-26	1970-05-01 20:01:24.344	1970-05-01 20:01:24.344			721
726	127	1901-12-27	1901-12-27	1970-05-02 00:01:44.350	1970-05-02 00:01:44.350	726.726	726.726	721
727	128	1901-12-28	1901-12-28	1970-05-02 04:02:04.356	1970-05-02 04:02:04.356			721
728	129	1901-12-29	1901-12-29	1970-05-02 08:02:24.362	1970-05-02 08:02:24.362			721
729	130	1901-12-30	1901-12-30	1970-05-02 12:02:44.368	1970-05-02 12:02:44.368	729.729	729.729	721
730	131	1901-12-31	1901-12-31	1970-05-02 16:03:04.374	1970-05-02 16:03:04.374			721
731	132	1902-01-01	1902-01-01	1970-05-02 20:03:24.380	1970-05-02 20:03:24.380			
732	133	1902-01-02	1902-01-02	1970-05-03 00:03:44.386	1970-05-03 00:03:44.386	732.732	732.732	731
733	134	1902-01-03	1902-01-03	1970-05-03 04:04:04.392	1970-05-03 04:04:04.392			731
734	135	1902-01-04	1902-01-04	1970-05-03 08:04:24.398	1970-05-03 08:04:24.398			731
735	136	1902-01-05	1902-01-05	1970-05-03 12:04:44.404	1970-05-03 12:04:44.404	735.735	735.735	731
736	137	1902-01-06	1902-01-06	1970-05-03 16:05:04.410	1970-05-03 16:05:04.410			731
737	138	1902-01-07	1902-01-07	1970-05-03 20:05:24.416	1970-05-03 20:05:24.416			731
738	139	1902-01-08	1902-01-08	1970-05-04 00:05:44.422	1970-05-04 00:05:44.422	738.738	738.738	731
739	140	1902-01-09	1902-01-09	1970-05-04 04:06:04.428	1970-05-04 04:06:04.428			731
740	141	1902-01-10	1902-01-10	1970-05-04 08:06:24.434	1970-05-04 08:06:24.434			731
741	142	1902-01-11	1902-01-11	1970-05-04 12:06:44.440	1970-05-04 12:06:44.440	741.741	741.741	
742	143	1902-01-12	1902-01-12	1970-05-04 16:07:04.446	1970-05-04 16:07:04.446			741
743	144	1902-01-13	1902-01-13	1970-05-04 20:07:24.452	1970-05-04 20:07:24.452			741
744	145	1902-01-14	1902-01-14	1970-05-05 00:07:44.458	1970-05-05 00:07:44.458	744.744	744.744	741
745	146	1902-01-15	1902-01-15	1970-05-05 04:08:04.464	1970-05-05 04:08:04.464			741
746	147	1902-01-16	1902-01-16	1970-05-05 08:08:24.470	1970-05-05 08:08:24.470			741
747	148	1902-01-17	1902-01-17	1970-05-05 12:08:44.476	1970-05-05 12:08:44.476	747.747	747.747	741
748	149	1902-01-18	1902-01-18	1970-05-05 16:09:04.482	1970-05-05 16:09:04.482			741
749	150	1902-01-19	1902-01-19	1970-05-05 20:09:24.488	1970-05-05 20:09:24.488			741
750	151	1902-01-20	1902-01-20	1970-05-06 00:09:44.494	1970-05-06 00:09:44.494	750.750	750.750	741
751	152	1902-01-21	1902-01-21	1970-05-06 04:10:04.500	1970-05-06 04:10:04.500			
752	153	1902-01-22	1902-01-22	1970-05-06 08:10:24.506	1970-05-06 08:10:24.506			751
753	154	1902-01-23	1902-01-23	1970-05-06 12:10:44.512	1970-05-06 12:10:44.512	753.753	753.753	751
754	155	1902-01-24	1902-01-24	1970-05-06 16:11:04.518	1970-05-06 16:11:04.518			751
755	156	1902-01-25	1902-01-25	1970-05-06 20:11:24.524	1970-05-06 20:11:24.524			751
756	157	1902-01-26	1902-01-26	1970-05-07 00:11:44.530	1970-05-07 00:11:44.530	756.756	756.756	751
757	158	1902-01-27	1902-01-27	1970-05-07 04:12:04.536	1970-05-07 04:12:04.536			751
758	159	1902-01-28	1902-01-28	1970-05-07 08:12:24.542	1970-05-07 08:12:24.542			751
759	160	1902-01-29	1902-01-29	1970-05-07 12:12:44.548	1970-05-07 12:12:44.548	759.759	759.759	751
760	161	1902-01-30	1902-01-30	1970-05-07 16:13:04.554	1970-05-07 16:13:04.554			751
761	162	1902-01-31	1902-01-31	1970-05-07 20:13:24.560	1970-05-07 20:13:24.560			
762	163	1902-02-01	1902-02-01	1970-05-08 00:13:44.566	1970-05-08 00:13:44.566	762.762	762.762	761
763	164	1902-02-02	1902-02-02	1970-05-08 04:14:04.572	1970-05-08 04:14:04.572			761
764	165	1902-02-03	1902-02-03	1970-05-08 08:14:24.578	1970-05-08 08:14:24.578			761
765	166	1902-02-04	1902-02-04	1970-05-08 12:14:44.584	1970-05-08 12:14:44.584	765.765	765.765	761
766	167	1902-02-05	1902-02-05	1970-05-08 16:15:04.590	1970-05-08 16:15:04.590			761
767	168	1902-02-06	1902-02-06	1970-05-08 20:15:24.596	1970-05-08 20:15:24.596			761
768	169	1902-02-07	1902-02-07	1970-05-09 00:15:44.602	1970-05-09 00:15:44.602	768.768	768.768	761
769	170	1902-02-08	1902-02-08	1970-05-09 04:16:04.608	1970-05-09 04:16:04.608			761
770	171	1902-02-09	1902-02-09	1970-05-09 08:16:24.614	1970-05-09 08:16:24.614			761
771	172	1902-02-10	1902-02-10	1970-05-09 12:16:44.620	1970-05-09 12:16:44.620	771.771	771.771	
772	173	1902-02-11	1902-02-11	1970-05-09 16:17:04.626	1970-05-09 16:17:04.626			771
773	174	1902-02-12	1902-02-12	1970-05-09 20:17:24.632	1970-05-09 20:17:24.632			771
774	175	1902-02-13	1902-02-13	1970-05-10 00:17:44.638	1970-05-10 00:17:44.638	774.774	774.774	771
775	176	1902-02-14	1902-02-14	1970-05-10 04:18:04.644	1970-05-10 04:18:04.644			771
776	177	1902-02-15	1902-02-15	1970-05-10 08:18:24.650	1970-05-10 08:18:24.650			771
777	178	1902-02-16	1902-02-16	1970-05-10 12:18:44.656	1970-05-10 12:18:44.656	777.777	777.777	771
778	179	1902-02-17	1902-02-17	1970-05-10 16:19:04.662	1970-05-10 16:19:04.662			771
779	180	1902-02-18	1902-02-18	1970-05-10 20:19:24.668	1970-05-10 20:19:24.668			771
780	181	1902-02-19	1902-02-19	1970-05-11 00:19:44.674	1970-05-11 00:19:44.674	780.780	780.780	771
781	182	1902-02-20	1902-02-20	1970-05-11 04:20:04.680	1970-05-11 04:20:04.680			
782	183	1902-02-21	1902-02-21	1970-05-11 08:20:24.686	1970-05-11 08:20:24.686			781
783	184	1902-02-22	1902-02-22	1970-05-11 12:20:44.692	1970-05-11 12:20:44.692	783.783	783.783	781
784	185	1902-02-23	1902-02-23	1970-05-11 16:21:04.698	1970-05-11 16:21:04.698			781
785	186	1902-02-24	1902-02-24	1970-05-11 20:21:24.704	1970-05-11 20:21:24.704			781
786	187	1902-02-25	1902-02-25	1970-05-12 00:21:44.710	1970-05-12 00:21:44.710	786.786	786.786	781
787	188	1902-02-26	1902-02-26	1970-05-12 04:22:04.716	1970-05-12 04:22:04.716			781
788	189	1902-02-27	1902-02-27	1970-05-12 08:22:24.722	1970-05-12 08:22:24.722			781
789	190	1902-02-28	1902-02-28	1970-05-12 12:22:44.728	1970-05-12 12:22:44.728	789.789	789.789	781
790	191	1902-03-01	1902-03-01	1970-05-12 16:23:04.734	1970-05-12 16:23:04.734			781
791	192	1902-03-02	1902-03-02	1970-05-12 20:23:24.740	1970-05-12 20:23:24.740			
792	193	1902-03-03	1902-03-03	1970-05-13 00:23:44.746	1970-05-13 00:23:44.746	792.792	792.792	791
793	194	1902-03-04	1902-03-04	1970-05-13 04:24:04.752	1970-05-13 04:24:04.752			791
794	195	1902-03-05	1902-03-05	1970-05-13 08:24:24.758	1970-05-13 08:24:24.758			791
795	196	1902-03-06	1902-03-06	1970-05-13 12:24:44.764	1970-05-13 12:24:44.764	795.795	795.795	791
796	197	1902-03-07	1902-03-07	1970-05-13 16:25:04.770	1970-05-13 16:25:04.770			791
797	198	1902-03-08	1902-03-08	1970-05-13 20:25:24.776	1970-05-13 20:25:24.776			791
798	199	1902-03-09	1902-03-09	1970-05-14 00:25:44.782	1970-05-14 00:25:44.782	798.798	798.798	791
799	200	1902-03-10	1902-03-10	1970-05-14 04:26:04.788	1970-05-14 04:26:04.788			791
800	201	1902-03-11	1902-03-11	1970-05-14 08:26:24.794	1970-05-14 08:26:24.794			791
801	202	1902-03-12	1902-03-12	1970-05-14 12:26:44.800	1970-05-14 12:26:44.800	801.801	801.801	
802	203	1902-03-13	1902-03-13	1970-05-14 16:27:04.806	1970-05-14 16:27:04.806			801
803	204	1902-03-14	1902-03-14	1970-05-14 20:27:24.812	1970-05-14 20:27:24.812			801
804	205	1902-03-15	1902-03-15	1970-05-15 00:27:44.818	1970-05-15 00:27:44.818	804.804	804.804	801
805	206	1902-03-16	1902-03-16	1970-05-15 04:28:04.824	1970-05-15 04:28:04.824			801
806	207	1902-03-17	1902-03-17	1970-05-15 08:28:24.830	1970-05-15 08:28:24.830			801
807	208	1902-03-18	1902-03-18	1970-05-15 12:28:44.836	1970-05-15 12:28:44.836	807.807	807.807	801
808	209	1902-03-19	1902-03-19	1970-05-15 16:29:04.842	1970-05-15 16:29:04.842			801
809	210	1902-03-20	1902-03-20	1970-05-15 20:29:24.848	1970-05-15 20:29:24.848			801
810	211	1902-03-21	1902-03-21	1970-05-16 00:29:44.854	1970-05-16 00:29:44.854	810.810	810.810	801
811	212	1902-03-22	1902-03-22	1970-05-16 04:30:04.860	1970-05-16 04:30:04.860			
812	213	1902-03-23	1902-03-23	1970-05-16 08:30:24.866	1970-05-16 08:30:24.866			811
813	214	1902-03-24	1902-03-24	1970-05-16 12:30:44.872	1970-05-16 12:30:44.872	813.813	813.813	811
814	215	1902-03-25	1902-03-25	1970-05-16 16:31:04.878	1970-05-16 16:31:04.878			811
815	216	1902-03-26	1902-03-26	1970-05-16 20:31:24.884	1970-05-16 20:31:24.884			811
816	217	1902-03-27	1902-03-27	1970-05-17 00:31:44.890	1970-05-17 00:31:44.890	816.816	816.816	811
817	218	1902-03-28	1902-03-28	1970-05-17 04:32:04.896	1970-05-17 04:32:04.896			811
818	219	1902-03-29	1902-03-29	1970-05-17 08:32:24.902	1970-05-17 08:32:24.902			811
819	220	1902-03-30	1902-03-30	1970-05-17 12:32:44.908	1970-05-17 12:32:44.908	819.819	819.819	811
820	221	1902-03-31	1902-03-31	1970-05-17 16:33:04.914	1970-05-17 16:33:04.914			811
821	222	1902-04-01	1902-04-01	1970-05-17 20:33:24.920	1970-05-17 20:33:24.920			
822	223	1902-04-02	1902-04-02	1970-05-18 00:33:44.926	1970-05-18 00:33:44.926	822.822	822.822	821
823	224	1902-04-03	1902-04-03	1970-05-18 04:34:04.932	1970-05-18 04:34:04.932			821
824	225	1902-04-04	1902-04-04	1970-05-18 08:34:24.938	1970-05-18 08:34:24.938			821
825	226	1902-04-05	1902-04-05	1970-05-18 12:34:44.944	1970-05-18 12:34:44.944	825.825	825.825	821
826	227	1902-04-06	1902-04-06	1970-05-18 16:35:04.950	1970-05-18 16:35:04.950			821
827	228	1902-04-07	1902-04-07	1970-05-18 20:35:24.956	1970-05-18 20:35:24.956			821
828	229	1902-04-08	1902-04-08	1970-05-19 00:35:44.962	1970-05-19 00:35:44.962	828.828	828.828	821
829	230	1902-04-09	1902-04-09	1970-05-19 04:36:04.968	1970-05-19 04:36:04.968			821
830	231	1902-04-10	1902-04-10	1970-05-19 08:36:24.974	1970-05-19 08:36:24.974			821
831	232	1902-04-11	1902-04-11	1970-05-19 12:36:44.980	1970-05-19 12:36:44.980	831.831	831.831	
832	233	1902-04-12	1902-04-12	1970-05-19 16:37:04.986	1970-05-19 16:37:04.986			831
833	234	1902-04-13	1902-04-13	1970-05-19 20:37:24.992	1970-05-19 20:37:24.992			831
834	235	1902-04-14	1902-04-14	1970-05-20 00:37:44.998	1970-05-20 00:37:44.998	834.834	834.834	831
835	236	1902-04-15	1902-04-15	1970-05-20 04:38:05.004	1970-05-20 04:38:05.004			831
836	237	1902-04-16	1902-04-16	1970-05-20 08:38:25.010	1970-05-20 08:38:25.010			831
837	238	1902-04-17	1902-04-17	1970-05-20 12:38:45.016	1970-05-20 12:38:45.016	837.837	837.837	831
838	239	1902-04-18	1902-04-18	1970-05-20 16:39:05.022	1970-05-20 16:39:05.022			831
839	240	1902-04-19	1902-04-19	1970-05-20 20:39:25.028	1970-05-20 20:39:25.028			831
840	241	1902-04-20	1902-04-20	1970-05-21 00:39:45.034	1970-05-21 00:39:45.034	840.840	840.840	831
841	242	1902-04-21	1902-04-21	1970-05-21 04:40:05.040	1970-05-21 04:40:05.040			
842	243	1902-04-22	1902-04-22	1970-05-21 08:40:25.046	1970-05-21 08:40:25.046			841
843	244	1902-04-23	1902-04-23	1970-05-21 12:40:45.052	1970-05-21 12:40:45.052	843.843	843.843	841
844	245	1902-04-24	1902-04-24	1970-05-21 16:41:05.058	1970-05-21 16:41:05.058			841
845	246	1902-04-25	1902-04-25	1970-05-21 20:41:25.064	1970-05-21 20:41:25.064			841
846	247	1902-04-26	1902-04-26	1970-05-22 00:41:45.070	1970-05-22 00:41:45.070	846.846	846.846	841
847	248	1902-04-27	1902-04-27	1970-05-22 04:42:05.076	1970-05-22 04:42:05.076			841
848	249	1902-04-28	1902-04-28	1970-05-22 08:42:25.082	1970-05-22 08:42:25.082			841
849	250	1902-04-29	1902-04-29	1970-05-22 12:42:45.088	1970-05-22 12:42:45.088	849.849	849.849	841
850	251	1902-04-30	1902-04-30	1970-05-22 16:43:05.094	1970-05-22 16:43:05.094			841
851	252	1902-05-01	1902-05-01	1970-05-22 20:43:25.100	1970-05-22 20:43:25.100			
852	253	1902-05-02	1902-05-02	1970-05-23 00:43:45.106	1970-05-23 00:43:45.106	852.852	852.852	851
853	254	1902-05-03	1902-05-03	1970-05-23 04:44:05.112	1970-05-23 04:44:05.112			851
854	255	1902-05-04	1902-05-04	1970-05-23 08:44:25.118	1970-05-23 08:44:25.118			851
855	256	1902-05-05	1902-05-05	1970-05-23 12:44:45.124	1970-05-23 12:44:45.124	855.855	855.855	851
856	257	1902-05-06	1902-05-06	1970-05-23 16:45:05.130	1970-05-23 16:45:05.130			851
857	258	1902-05-07	1902-05-07	1970-05-23 20:45:25.136	1970-05-23 20:45:25.136			851
858	259	1902-05-08	1902-05-08	1970-05-24 00:45:45.142	1970-05-24 00:45:45.142	858.858	858.858	851
859	260	1902-05-09	1902-05-09	1970-05-24 04:46:05.148	1970-05-24 04:46:05.148			851
860	261	1902-05-10	1902-05-10	1970-05-24 08:46:25.154	1970-05-24 08:46:25.154			851
861	262	1902-05-11	1902-05-11	1970-05-24 12:46:45.160	1970-05-24 12:46:45.160	861.861	861.861	
862	263	1902-05-12	1902-05-12	1970-05-24 16:47:05.166	1970-05-24 16:47:05.166			861
863	264	1902-05-13	1902-05-13	1970-05-24 20:47:25.172	1970-05-24 20:47:25.172			861
864	265	1902-05-14	1902-05-14	1970-05-25 00:47:45.178	1970-05-25 00:47:45.178	864.864	864.864	861
865	266	1902-05-15	1902-05-15	1970-05-25 04:48:05.184	1970-05-25 04:48:05.184			861
866	267	1902-05-16	1902-05-16	1970-05-25 08:48:25.190	1970-05-25 08:48:25.190			861
867	268	1902-05-17	1902-05-17	1970-05-25 12:48:45.196	1970-05-25 12:48:45.196	867.867	867.867	861
868	269	1902-05-18	1902-05-18	1970-05-25 16:49:05.202	1970-05-25 16:49:05.202			861
869	270	1902-05-19	1902-05-19	1970-05-25 20:49:25.208	1970-05-25 20:49:25.208			861
870	271	1902-05-20	1902-05-20	1970-05-26 00:49:45.214	1970-05-26 00:49:45.214	870.870	870.870	861
871	272	1902-05-21	1902-05-21	1970-05-26 04:50:05.220	1970-05-26 04:50:05.220			
872	273	1902-05-22	1902-05-22	1970-05-26 08:50:25.226	1970-05-26 08:50:25.226			871
873	274	1902-05-23	1902-05-23	1970-05-26 12:50:45.232	1970-05-26 12:50:45.232	873.873	873.873	871
874	275	1902-05-24	1902-05-24	1970-05-26 16:51:05.238	1970-05-26 16:51:05.238			871
875	276	1902-05-25	1902-05-25	1970-05-26 20:51:25.244	1970-05-26 20:51:25.244			871
876	277	1902-05-26	1902-05-26	1970-05-27 00:51:45.250	1970-05-27 00:51:45.250	876.876	876.876	871
877	278	1902-05-27	1902-05-27	1970-05-27 04:52:05.256	1970-05-27 04:52:05.256			871
878	279	1902-05-28	1902-05-28	1970-05-27 08:52:25.262	1970-05-27 08:52:25.262			871
879	280	1902-05-29	1902-05-29	1970-05-27 12:52:45.268	1970-05-27 12:52:45.268	879.879	879.879	871
880	281	1902-05-30	1902-05-30	1970-05-27 16:53:05.274	1970-05-27 16:53:05.274			871
881	282	1902-05-31	1902-05-31	1970-05-27 20:53:25.280	1970-05-27 20:53:25.280			
882	283	1902-06-01	1902-06-01	1970-05-28 00:53:45.286	1970-05-28 00:53:45.286	882.882	882.882	881
883	284	1902-06-02	1902-06-02	1970-05-28 04:54:05.292	1970-05-28 04:54:05.292			881
884	285	1902-06-03	1902-06-03	1970-05-28 08:54:25.298	1970-05-28 08:54:25.298			881
885	286	1902-06-04	1902-06-04	1970-05-28 12:54:45.304	1970-05-28 12:54:45.304	885.885	885.885	881
886	287	1902-06-05	1902-06-05	1970-05-28 16:55:05.310	1970-05-28 16:55:05.310			881
887	288	1902-06-06	1902-06-06	1970-05-28 20:55:25.316	1970-05-28 20:55:25.316			881
888	289	1902-06-07	1902-06-07	1970-05-29 00:55:45.322	1970-05-29 00:55:45.322	888.888	888.888	881
889	290	1902-06-08	1902-06-08	1970-05-29 04:56:05.328	1970-05-29 04:56:05.328			881
890	291	1902-06-09	1902-06-09	1970-05-29 08:56:25.334	1970-05-29 08:56:25.334			881
891	292	1902-06-10	1902-06-10	1970-05-29 12:56:45.340	1970-05-29 12:56:45.340	891.891	891.891	
892	293	1902-06-11	1902-06-11	1970-05-29 16:57:05.346	1970-05-29 16:57:05.346			891
893	294	1902-06-12	1902-06-12	1970-05-29 20:57:25.352	1970-05-29 20:57:25.352			891
894	295	1902-06-13	1902-06-13	1970-05-30 00:57:45.358	1970-05-30 00:57:45.358	894.894	894.894	891
895	296	1902-06-14	1902-06-14	1970-05-30 04:58:05.364	1970-05-30 04:58:05.364			891
896	297	1902-06-15	1902-06-15	1970-05-30 08:58:25.370	1970-05-30 08:58:25.370			891
897	298	1902-06-16	1902-06-16	1970-05-30 12:58:45.376	1970-05-30 12:58:45.376	897.897	897.897	891
898	299	1902-06-17	1902-06-17	1970-05-30 16:59:05.382	1970-05-30 16:59:05.382			891
899	300	1902-06-18	1902-06-18	1970-05-30 20:59:25.388	1970-05-30 20:59:25.388			891
900	1	1902-06-19	1902-06-19	1970-05-31 00:59:45.394	1970-05-31 00:59:45.394	900.900	900.900	891
901	2	1902-06-20	1902-06-20	1970-05-31 05:00:05.400	1970-05-31 05:00:05.400			
902	3	1902-06-21	1902-06-21	1970-05-31 09:00:25.406	1970-05-31 09:00:25.406			901
903	4	1902-06-22	1902-06-22	1970-05-31 13:00:45.412	1970-05-31 13:00:45.412	903.903	903.903	901
904	5	1902-06-23	1902-06-23	1970-05-31 17:01:05.418	1970-05-31 17:01:05.418			901
905	6	1902-06-24	1902-06-24	1970-05-31 21:01:25.424	1970-05-31 21:01:25.424			901
906	7	1902-06-25	1902-06-25	1970-06-01 01:01:45.430	1970-06-01 01:01:45.430	906.906	906.906	901
907	8	1902-06-26	1902-06-26	1970-06-01 05:02:05.436	1970-06-01 05:02:05.436			901
908	9	1902-06-27	1902-06-27	1970-06-01 09:02:25.442	1970-06-01 09:02:25.442			901
909	10	1902-06-28	1902-06-28	1970-06-01 13:02:45.448	1970-06-01 13:02:45.448	909.909	909.909	901
910	11	1902-06-29	1902-06-29	1970-06-01 17:03:05.454	1970-06-01 17:03:05.454			901
911	12	1902-06-30	1902-06-30	1970-06-01 21:03:25.460	1970-06-01 21:03:25.460			
912	13	1902-07-01	1902-07-01	1970-06-02 01:03:45.466	1970-06-02 01:03:45.466	912.912	912.912	911
913	14	1902-07-02	1902-07-02	1970-06-02 05:04:05.472	1970-06-02 05:04:05.472			911
914	15	1902-07-03	1902-07-03	1970-06-02 09:04:25.478	1970-06-02 09:04:25.478			911
915	16	1902-07-04	1902-07-04	1970-06-02 13:04:45.484	1970-06-02 13:04:45.484	915.915	915.915	911
916	17	1902-07-05	1902-07-05	1970-06-02 17:05:05.490	1970-06-02 17:05:05.490			911
917	18	1902-07-06	1902-07-06	1970-06-02 21:05:25.496	1970-06-02 21:05:25.496			911
918	19	1902-07-07	1902-07-07	1970-06-03 01:05:45.502	1970-06-03 01:05:45.502	918.918	918.918	911
919	20	1902-07-08	1902-07-08	1970-06-03 05:06:05.508	1970-06-03 05:06:05.508			911
920	21	1902-07-09	1902-07-09	1970-06-03 09:06:25.514	1970-06-03 09:06:25.514			911
921	22	1902-07-10	1902-07-10	1970-06-03 13:06:45.520	1970-06-03 13:06:45.520	921.921	921.921	
922	23	1902-07-11	1902-07-11	1970-06-03 17:07:05.526	1970-06-03 17:07:05.526			921
923	24	1902-07-12	1902-07-12	1970-06-03 21:07:25.532	1970-06-03 21:07:25.532			921
924	25	1902-07-13	1902-07-13	1970-06-04 01:07:45.538	1970-06-04 01:07:45.538	924.924	924.924	921
925	26	1902-07-14	1902-07-14	1970-06-04 05:08:05.544	1970-06-04 05:08:05.544			921
926	27	1902-07-15	1902-07-15	1970-06-04 09:08:25.550	1970-06-04 09:08:25.550			921
927	28	1902-07-16	1902-07-16	1970-06-04 13:08:45.556	1970-06-04 13:08:45.556	927.927	927.927	921
928	29	1902-07-17	1902-07-17	1970-06-04 17:09:05.562	1970-06-04 17:09:05.562			921
929	30	1902-07-18	1902-07-18	1970-06-04 21:09:25.568	1970-06-04 21:09:25.568			921
930	31	1902-07-19	1902-07-19	1970-06-05 01:09:45.574	1970-06-05 01:09:45.574	930.930	930.930	921
931	32	1902-07-20	1902-07-20	1970-06-05 05:10:05.580	1970-06-05 05:10:05.580			
932	33	1902-07-21	1902-07-21	1970-06-05 09:10:25.586	1970-06-05 09:10:25.586			931
933	34	1902-07-22	1902-07-22	1970-06-05 13:10:45.592	1970-06-05 13:10:45.592	933.933	933.933	931
934	35	1902-07-23	1902-07-23	1970-06-05 17:11:05.598	1970-06-05 17:11:05.598			931
935	36	1902-07-24	1902-07-24	1970-06-05 21:11:25.604	1970-06-05 21:11:25.604			931
936	37	1902-07-25	1902-07-25	1970-06-06 01:11:45.610	1970-06-06 01:11:45.610	936.936	936.936	931
937	38	1902-07-26	1902-07-26	1970-06-06 05:12:05.616	1970-06-06 05:12:05.616			931
938	39	1902-07-27	1902-07-27	1970-06-06 09:12:25.622	1970-06-06 09:12:25.622			931
939	40	1902-07-28	1902-07-28	1970-06-06 13:12:45.628	1970-06-06 13:12:45.628	939.939	939.939	931
940	41	1902-07-29	1902-07-29	1970-06-06 17:13:05.634	1970-06-06 17:13:05.634			931
941	42	1902-07-30	1902-07-30	1970-06-06 21:13:25.640	1970-06-06 21:13:25.640			
942	43	1902-07-31	1902-07-31	1970-06-07 01:13:45.646	1970-06-07 01:13:45.646	942.942	942.942	941
943	44	1902-08-01	1902-08-01	1970-06-07 05:14:05.652	1970-06-07 05:14:05.652			941
944	45	1902-08-02	1902-08-02	1970-06-07 09:14:25.658	1970-06-07 09:14:25.658			941
945	46	1902-08-03	1902-08-03	1970-06-07 13:14:45.664	1970-06-07 13:14:45.664	945.945	945.945	941
946	47	1902-08-04	1902-08-04	1970-06-07 17:15:05.670	1970-06-07 17:15:05.670			941
947	48	1902-08-05	1902-08-05	1970-06-07 21:15:25.676	1970-06-07 21:15:25.676			941
948	49	1902-08-06	1902-08-06	1970-06-08 01:15:45.682	1970-06-08 01:15:45.682	948.948	948.948	941
949	50	1902-08-07	1902-08-07	1970-06-08 05:16:05.688	1970-06-08 05:16:05.688			941
950	51	1902-08-08	1902-08-08	1970-06-08 09:16:25.694	1970-06-08 09:16:25.694			941
951	52	1902-08-09	1902-08-09	1970-06-08 13:16:45.700	1970-06-08 13:16:45.700	951.951	951.951	
952	53	1902-08-10	1902-08-10	1970-06-08 17:17:05.706	1970-06-08 17:17:05.706			951
953	54	1902-08-11	1902-08-11	1970-06-08 21:17:25.712	1970-06-08 21:17:25.712			951
954	55	1902-08-12	1902-08-12	1970-06-09 01:17:45.718	1970-06-09 01:17:45.718	954.954	954.954	951
955	56	1902-08-13	1902-08-13	1970-06-09 05:18:05.724	1970-06-09 05:18:05.724			951
956	57	1902-08-14	1902-08-14	1970-06-09 09:18:25.730	1970-06-09 09:18:25.730			951
957	58	1902-08-15	1902-08-15	1970-06-09 13:18:45.736	1970-06-09 13:18:45.736	957.957	957.957	951
958	59	1902-08-16	1902-08-16	1970-06-09 17:19:05.742	1970-06-09 17:19:05.742			951
959	60	1902-08-17	1902-08-17	1970-06-09 21:19:25.748	1970-06-09 21:19:25.748			951
960	61	1902-08-18	1902-08-18	1970-06-10 01:19:45.754	1970-06-10 01:19:45.754	960.960	960.960	951
961	62	1902-08-19	1902-08-19	1970-06-10 05:20:05.760	1970-06-10 05:20:05.760			
962	63	1902-08-20	1902-08-20	1970-06-10 09:20:25.766	1970-06-10 09:20:25.766			961
963	64	1902-08-21	1902-08-21	1970-06-10 13:20:45.772	1970-06-10 13:20:45.772	963.963	963.963	961
964	65	1902-08-22	1902-08-22	1970-06-10 17:21:05.778	1970-06-10 17:21:05.778			961
965	66	1902-08-23	1902-08-23	1970-06-10 21:21:25.784	1970-06-10 21:21:25.784			961
966	67	1902-08-24	1902-08-24	1970-06-11 01:21:45.790	1970-06-11 01:21:45.790	966.966	966.966	961
967	68	1902-08-25	1902-08-25	1970-06-11 05:22:05.796	1970-06-11 05:22:05.796			961
968	69	1902-08-26	1902-08-26	1970-06-11 09:22:25.802	1970-06-11 09:22:25.802			961
969	70	1902-08-27	1902-08-27	1970-06-11 13:22:45.808	1970-06-11 13:22:45.808	969.969	969.969	961
970	71	1902-08-28	1902-08-28	1970-06-11 17:23:05.814	1970-06-11 17:23:05.814			961
971	72	1902-08-29	1902-08-29	1970-06-11 21:23:25.820	1970-06-11 21:23:25.820			
972	73	1902-08-30	1902-08-30	1970-06-12 01:23:45.826	1970-06-12 01:23:45.826	972.972	972.972	971
973	74	1902-08-31	1902-08-31	1970-06-12 05:24:05.832	1970-06-12 05:24:05.832			971
974	75	1902-09-01	1902-09-01	1970-06-12 09:24:25.838	1970-06-12 09:24:25.838			971
975	76	1902-09-02	1902-09-02	1970-06-12 13:24:45.844	1970-06-12 13:24:45.844	975.975	975.975	971
976	77	1902-09-03	1902-09-03	1970-06-12 17:25:05.850	1970-06-12 17:25:05.850			971
977	78	1902-09-04	1902-09-04	1970-06-12 21:25:25.856	1970-06-12 21:25:25.856			971
978	79	1902-09-05	1902-09-05	1970-06-13 01:25:45.862	1970-06-13 01:25:45.862	978.978	978.978	971
979	80	1902-09-06	1902-09-06	1970-06-13 05:26:05.868	1970-06-13 05:26:05.868			971
980	81	1902-09-07	1902-09-07	1970-06-13 09:26:25.874	1970-06-13 09:26:25.874			971
981	82	1902-09-08	1902-09-08	1970-06-13 13:26:45.880	1970-06-13 13:26:45.880	981.981	981.981	
982	83	1902-09-09	1902-09-09	1970-06-13 17:27:05.886	1970-06-13 17:27:05.886			981
983	84	1902-09-10	1902-09-10	1970-06-13 21:27:25.892	1970-06-13 21:27:25.892			981
984	85	1902-09-11	1902-09-11	1970-06-14 01:27:45.898	1970-06-14 01:27:45.898	984.984	984.984	981
985	86	1902-09-12	1902-09-12	1970-06-14 05:28:05.904	1970-06-14 05:28:05.904			981
986	87	1902-09-13	1902-09-13	1970-06-14 09:28:25.910	1970-06-14 09:28:25.910			981
987	88	1902-09-14	1902-09-14	1970-06-14 13:28:45.916	1970-06-14 13:28:45.916	987.987	987.987	981
988	89	1902-09-15	1902-09-15	1970-06-14 17:29:05.922	1970-06-14 17:29:05.922			981
989	90	1902-09-16	1902-09-16	1970-06-14 21:29:25.928	1970-06-14 21:29:25.928			981
990	91	1902-09-17	1902-09-17	1970-06-15 01:29:45.934	1970-06-15 01:29:45.934	990.990	990.990	981
991	92	1902-09-18	1902-09-18	1970-06-15 05:30:05.940	1970-06-15 05:30:05.940			
992	93	1902-09-19	1902-09-19	1970-06-15 09:30:25.946	1970-06-15 09:30:25.946			991
993	94	1902-09-20	1902-09-20	1970-06-15 13:30:45.952	1970-06-15 13:30:45.952	993.993	993.993	991
994	95	1902-09-21	1902-09-21	1970-06-15 17:31:05.958	1970-06-15 17:31:05.958			991
995	96	1902-09-22	1902-09-22	1970-06-15 21:31:25.964	1970-06-15 21:31:25.964			991
996	97	1902-09-23	1902-09-23	1970-06-16 01:31:45.970	1970-06-16 01:31:45.970	996.996	996.996	991
997	98	1902-09-24	1902-09-24	1970-06-16 05:32:05.976	1970-06-16 05:32:05.976			991
998	99	1902-09-25	1902-09-25	1970-06-16 09:32:25.982	1970-06-16 09:32:25.982			991
999	100	1902-09-26	1902-09-26	1970-06-16 13:32:45.988	1970-06-16 13:32:45.988	999.999	999.999	991
1000	101	1902-09-27	1902-09-27	1970-06-16 17:33:05.994	1970-06-16 17:33:05.994			991